State,ZipCode,Tax Name,StateRate,EstimatedCombinedRate,EstimatedCountyRate,EstimatedCityRate,EstimatedSpecialRate,RiskLevel
FL,32615,ALACHUA,0.06,0.06,0,0,0,1
FL,32616,ALACHUA,0.06,0.06,0,0,0,1
FL,32420,JACKSON,0.06,0.075,0.015,0,0,1
FL,32701,SEMINOLE,0.06,0.07,0.01,0,0,1
FL,32714,SEMINOLE,0.06,0.07,0.01,0,0,1
FL,32715,SEMINOLE,0.06,0.07,0.01,0,0,1
FL,32716,SEMINOLE,0.06,0.07,0.01,0,0,1
FL,32421,CALHOUN,0.06,0.075,0.015,0,0,1
FL,32702,LAKE,0.06,0.07,0.01,0,0,1
FL,33820,POLK,0.06,0.07,0.01,0,0,1
FL,33920,LEE,0.06,0.06,0,0,0,1
FL,34216,MANATEE,0.06,0.065,0.005,0,0,1
FL,32617,MARION,0.06,0.06,0,0,0,1
FL,32320,FRANKLIN,0.06,0.07,0.01,0,0,1
FL,32329,FRANKLIN,0.06,0.07,0.01,0,0,1
FL,33572,HILLSBOROUGH,0.06,0.07,0.01,0,0,1
FL,32703,ORANGE,0.06,0.065,0.005,0,0,1
FL,32704,ORANGE,0.06,0.065,0.005,0,0,1
FL,32712,ORANGE,0.06,0.065,0.005,0,0,1
FL,34265,DESOTO,0.06,0.075,0.015,0,0,1
FL,34266,DESOTO,0.06,0.075,0.015,0,0,1
FL,34269,DESOTO,0.06,0.075,0.015,0,0,1
FL,32618,ALACHUA,0.06,0.06,0,0,0,1
FL,32422,WALTON,0.06,0.07,0.01,0,0,1
FL,34679,PASCO,0.06,0.07,0.01,0,0,1
FL,34705,LAKE,0.06,0.07,0.01,0,0,1
FL,32102,LAKE,0.06,0.07,0.01,0,0,1
FL,32233,DUVAL,0.06,0.07,0.01,0,0,1
FL,33823,POLK,0.06,0.07,0.01,0,0,1
FL,33825,HIGHLANDS,0.06,0.07,0.01,0,0,1
FL,33826,HIGHLANDS,0.06,0.07,0.01,0,0,1
FL,33827,POLK,0.06,0.07,0.01,0,0,1
FL,32530,SANTA ROSA,0.06,0.065,0.005,0,0,1
FL,32531,OKALOOSA,0.06,0.06,0,0,0,1
FL,33503,HILLSBOROUGH,0.06,0.07,0.01,0,0,1
FL,32105,VOLUSIA,0.06,0.065,0.005,0,0,1
FL,33830,POLK,0.06,0.07,0.01,0,0,1
FL,33831,POLK,0.06,0.07,0.01,0,0,1
FL,32423,JACKSON,0.06,0.075,0.015,0,0,1
FL,33744,PINELLAS,0.06,0.07,0.01,0,0,1
FL,32619,GILCHRIST,0.06,0.07,0.01,0,0,1
FL,33430,PALM BEACH,0.06,0.06,0,0,0,1
FL,33786,PINELLAS,0.06,0.07,0.01,0,0,1
FL,34420,MARION,0.06,0.06,0,0,0,1
FL,34421,MARION,0.06,0.06,0,0,0,1
FL,34464,CITRUS,0.06,0.06,0,0,0,1
FL,34465,CITRUS,0.06,0.06,0,0,0,1
FL,33043,MONROE,0.06,0.075,0.015,0,0,1
FL,32424,CALHOUN,0.06,0.075,0.015,0,0,1
FL,33921,LEE,0.06,0.06,0,0,0,1
FL,33427,PALM BEACH,0.06,0.06,0,0,0,1
FL,33428,PALM BEACH,0.06,0.06,0,0,0,1
FL,33429,PALM BEACH,0.06,0.06,0,0,0,1
FL,33431,PALM BEACH,0.06,0.06,0,0,0,1
FL,33432,PALM BEACH,0.06,0.06,0,0,0,1
FL,33433,PALM BEACH,0.06,0.06,0,0,0,1
FL,33434,PALM BEACH,0.06,0.06,0,0,0,1
FL,33464,PALM BEACH,0.06,0.06,0,0,0,1
FL,33481,PALM BEACH,0.06,0.06,0,0,0,1
FL,33486,PALM BEACH,0.06,0.06,0,0,0,1
FL,33487,PALM BEACH,0.06,0.06,0,0,0,1
FL,33488,PALM BEACH,0.06,0.06,0,0,0,1
FL,33496,PALM BEACH,0.06,0.06,0,0,0,1
FL,33497,PALM BEACH,0.06,0.06,0,0,0,1
FL,33498,PALM BEACH,0.06,0.06,0,0,0,1
FL,33499,PALM BEACH,0.06,0.06,0,0,0,1
FL,33922,LEE,0.06,0.06,0,0,0,1
FL,32425,HOLMES,0.06,0.07,0.01,0,0,1
FL,34133,LEE,0.06,0.06,0,0,0,1
FL,34134,LEE,0.06,0.06,0,0,0,1
FL,34135,LEE,0.06,0.06,0,0,0,1
FL,34136,LEE,0.06,0.06,0,0,0,1
FL,32007,PUTNAM,0.06,0.07,0.01,0,0,1
FL,33834,HARDEE,0.06,0.07,0.01,0,0,1
FL,33424,PALM BEACH,0.06,0.06,0,0,0,1
FL,33425,PALM BEACH,0.06,0.06,0,0,0,1
FL,33426,PALM BEACH,0.06,0.06,0,0,0,1
FL,33435,PALM BEACH,0.06,0.06,0,0,0,1
FL,33436,PALM BEACH,0.06,0.06,0,0,0,1
FL,33437,PALM BEACH,0.06,0.06,0,0,0,1
FL,33474,PALM BEACH,0.06,0.06,0,0,0,1
FL,34201,MANATEE,0.06,0.065,0.005,0,0,1
FL,34202,MANATEE,0.06,0.065,0.005,0,0,1
FL,34203,MANATEE,0.06,0.065,0.005,0,0,1
FL,34204,MANATEE,0.06,0.065,0.005,0,0,1
FL,34205,MANATEE,0.06,0.065,0.005,0,0,1
FL,34206,MANATEE,0.06,0.065,0.005,0,0,1
FL,34207,MANATEE,0.06,0.065,0.005,0,0,1
FL,34208,MANATEE,0.06,0.065,0.005,0,0,1
FL,34209,MANATEE,0.06,0.065,0.005,0,0,1
FL,34210,MANATEE,0.06,0.065,0.005,0,0,1
FL,34211,MANATEE,0.06,0.065,0.005,0,0,1
FL,34212,MANATEE,0.06,0.065,0.005,0,0,1
FL,34280,MANATEE,0.06,0.065,0.005,0,0,1
FL,34281,MANATEE,0.06,0.065,0.005,0,0,1
FL,34282,MANATEE,0.06,0.065,0.005,0,0,1
FL,34217,MANATEE,0.06,0.065,0.005,0,0,1
FL,33835,POLK,0.06,0.07,0.01,0,0,1
FL,33508,HILLSBOROUGH,0.06,0.07,0.01,0,0,1
FL,33509,HILLSBOROUGH,0.06,0.07,0.01,0,0,1
FL,33510,HILLSBOROUGH,0.06,0.07,0.01,0,0,1
FL,33511,HILLSBOROUGH,0.06,0.07,0.01,0,0,1
FL,32008,SUWANNEE,0.06,0.07,0.01,0,0,1
FL,32321,LIBERTY,0.06,0.075,0.015,0,0,1
FL,32621,LEVY,0.06,0.07,0.01,0,0,1
FL,32622,BRADFORD,0.06,0.07,0.01,0,0,1
FL,34601,HERNANDO,0.06,0.065,0.005,0,0,1
FL,34602,HERNANDO,0.06,0.065,0.005,0,0,1
FL,34603,HERNANDO,0.06,0.065,0.005,0,0,1
FL,34604,HERNANDO,0.06,0.065,0.005,0,0,1
FL,34605,HERNANDO,0.06,0.065,0.005,0,0,1
FL,34613,HERNANDO,0.06,0.065,0.005,0,0,1
FL,34614,HERNANDO,0.06,0.065,0.005,0,0,1
FL,33439,PALM BEACH,0.06,0.06,0,0,0,1
FL,32009,NASSAU,0.06,0.07,0.01,0,0,1
FL,32110,FLAGLER,0.06,0.07,0.01,0,0,1
FL,33513,SUMTER,0.06,0.07,0.01,0,0,1
FL,32011,NASSAU,0.06,0.07,0.01,0,0,1
FL,32426,JACKSON,0.06,0.075,0.015,0,0,1
FL,33438,PALM BEACH,0.06,0.06,0,0,0,1
FL,32111,MARION,0.06,0.06,0,0,0,1
FL,32533,ESCAMBIA,0.06,0.075,0.015,0,0,1
FL,32920,BREVARD,0.06,0.065,0.005,0,0,1
FL,33904,LEE,0.06,0.06,0,0,0,1
FL,33909,LEE,0.06,0.06,0,0,0,1
FL,33910,LEE,0.06,0.06,0,0,0,1
FL,33914,LEE,0.06,0.06,0,0,0,1
FL,33915,LEE,0.06,0.06,0,0,0,1
FL,33990,LEE,0.06,0.06,0,0,0,1
FL,33991,LEE,0.06,0.06,0,0,0,1
FL,33993,LEE,0.06,0.06,0,0,0,1
FL,33924,LEE,0.06,0.06,0,0,0,1
FL,32322,FRANKLIN,0.06,0.07,0.01,0,0,1
FL,32427,WASHINGTON,0.06,0.07,0.01,0,0,1
FL,32706,VOLUSIA,0.06,0.065,0.005,0,0,1
FL,32707,SEMINOLE,0.06,0.07,0.01,0,0,1
FL,32718,SEMINOLE,0.06,0.07,0.01,0,0,1
FL,32730,SEMINOLE,0.06,0.07,0.01,0,0,1
FL,32625,LEVY,0.06,0.07,0.01,0,0,1
FL,33514,SUMTER,0.06,0.07,0.01,0,0,1
FL,32535,ESCAMBIA,0.06,0.075,0.015,0,0,1
FL,32324,GADSDEN,0.06,0.075,0.015,0,0,1
FL,32626,LEVY,0.06,0.07,0.01,0,0,1
FL,32644,LEVY,0.06,0.07,0.01,0,0,1
FL,32428,WASHINGTON,0.06,0.07,0.01,0,0,1
FL,34138,COLLIER,0.06,0.06,0,0,0,1
FL,32709,ORANGE,0.06,0.065,0.005,0,0,1
FL,32113,MARION,0.06,0.06,0,0,0,1
FL,32710,ORANGE,0.06,0.065,0.005,0,0,1
FL,32430,CALHOUN,0.06,0.075,0.015,0,0,1
FL,33755,PINELLAS,0.06,0.07,0.01,0,0,1
FL,33756,PINELLAS,0.06,0.07,0.01,0,0,1
FL,33757,PINELLAS,0.06,0.07,0.01,0,0,1
FL,33758,PINELLAS,0.06,0.07,0.01,0,0,1
FL,33759,PINELLAS,0.06,0.07,0.01,0,0,1
FL,33760,PINELLAS,0.06,0.07,0.01,0,0,1
FL,33761,PINELLAS,0.06,0.07,0.01,0,0,1
FL,33762,PINELLAS,0.06,0.07,0.01,0,0,1
FL,33763,PINELLAS,0.06,0.07,0.01,0,0,1
FL,33764,PINELLAS,0.06,0.07,0.01,0,0,1
FL,33765,PINELLAS,0.06,0.07,0.01,0,0,1
FL,33766,PINELLAS,0.06,0.07,0.01,0,0,1
FL,33769,PINELLAS,0.06,0.07,0.01,0,0,1
FL,33767,PINELLAS,0.06,0.07,0.01,0,0,1
FL,34711,LAKE,0.06,0.07,0.01,0,0,1
FL,34712,LAKE,0.06,0.07,0.01,0,0,1
FL,34713,LAKE,0.06,0.07,0.01,0,0,1
FL,34714,LAKE,0.06,0.07,0.01,0,0,1
FL,34715,LAKE,0.06,0.07,0.01,0,0,1
FL,33440,HENDRY,0.06,0.07,0.01,0,0,1
FL,32922,BREVARD,0.06,0.065,0.005,0,0,1
FL,32923,BREVARD,0.06,0.065,0.005,0,0,1
FL,32924,BREVARD,0.06,0.065,0.005,0,0,1
FL,32926,BREVARD,0.06,0.065,0.005,0,0,1
FL,32927,BREVARD,0.06,0.065,0.005,0,0,1
FL,32931,BREVARD,0.06,0.065,0.005,0,0,1
FL,32932,BREVARD,0.06,0.065,0.005,0,0,1
FL,33093,BROWARD,0.06,0.06,0,0,0,1
FL,33521,SUMTER,0.06,0.07,0.01,0,0,1
FL,34137,COLLIER,0.06,0.06,0,0,0,1
FL,34215,MANATEE,0.06,0.065,0.005,0,0,1
FL,32431,JACKSON,0.06,0.075,0.015,0,0,1
FL,32326,WAKULLA,0.06,0.07,0.01,0,0,1
FL,32327,WAKULLA,0.06,0.07,0.01,0,0,1
FL,32112,PUTNAM,0.06,0.07,0.01,0,0,1
FL,32536,OKALOOSA,0.06,0.06,0,0,0,1
FL,32539,OKALOOSA,0.06,0.06,0,0,0,1
FL,32628,DIXIE,0.06,0.07,0.01,0,0,1
FL,34681,PINELLAS,0.06,0.07,0.01,0,0,1
FL,34423,CITRUS,0.06,0.06,0,0,0,1
FL,34428,CITRUS,0.06,0.06,0,0,0,1
FL,34429,CITRUS,0.06,0.06,0,0,0,1
FL,33524,PASCO,0.06,0.07,0.01,0,0,1
FL,32432,JACKSON,0.06,0.075,0.015,0,0,1
FL,33523,PASCO,0.06,0.07,0.01,0,0,1
FL,33525,PASCO,0.06,0.07,0.01,0,0,1
FL,33526,PASCO,0.06,0.07,0.01,0,0,1
FL,33004,BROWARD,0.06,0.06,0,0,0,1
FL,33836,POLK,0.06,0.07,0.01,0,0,1
FL,33837,POLK,0.06,0.07,0.01,0,0,1
FL,33896,POLK,0.06,0.07,0.01,0,0,1
FL,33897,POLK,0.06,0.07,0.01,0,0,1
FL,32013,LAFAYETTE,0.06,0.07,0.01,0,0,1
FL,32114,VOLUSIA,0.06,0.065,0.005,0,0,1
FL,32115,VOLUSIA,0.06,0.065,0.005,0,0,1
FL,32116,VOLUSIA,0.06,0.065,0.005,0,0,1
FL,32117,VOLUSIA,0.06,0.065,0.005,0,0,1
FL,32118,VOLUSIA,0.06,0.065,0.005,0,0,1
FL,32119,VOLUSIA,0.06,0.065,0.005,0,0,1
FL,32120,VOLUSIA,0.06,0.065,0.005,0,0,1
FL,32121,VOLUSIA,0.06,0.065,0.005,0,0,1
FL,32122,VOLUSIA,0.06,0.065,0.005,0,0,1
FL,32124,VOLUSIA,0.06,0.065,0.005,0,0,1
FL,32125,VOLUSIA,0.06,0.065,0.005,0,0,1
FL,32126,VOLUSIA,0.06,0.065,0.005,0,0,1
FL,32198,VOLUSIA,0.06,0.065,0.005,0,0,1
FL,32130,VOLUSIA,0.06,0.065,0.005,0,0,1
FL,32713,VOLUSIA,0.06,0.065,0.005,0,0,1
FL,32753,VOLUSIA,0.06,0.065,0.005,0,0,1
FL,33441,BROWARD,0.06,0.06,0,0,0,1
FL,33442,BROWARD,0.06,0.06,0,0,0,1
FL,33443,BROWARD,0.06,0.06,0,0,0,1
FL,32433,WALTON,0.06,0.07,0.01,0,0,1
FL,32435,WALTON,0.06,0.07,0.01,0,0,1
FL,32720,VOLUSIA,0.06,0.065,0.005,0,0,1
FL,32721,VOLUSIA,0.06,0.065,0.005,0,0,1
FL,32723,VOLUSIA,0.06,0.065,0.005,0,0,1
FL,32724,VOLUSIA,0.06,0.065,0.005,0,0,1
FL,33444,PALM BEACH,0.06,0.06,0,0,0,1
FL,33445,PALM BEACH,0.06,0.06,0,0,0,1
FL,33446,PALM BEACH,0.06,0.06,0,0,0,1
FL,33447,PALM BEACH,0.06,0.06,0,0,0,1
FL,33448,PALM BEACH,0.06,0.06,0,0,0,1
FL,33482,PALM BEACH,0.06,0.06,0,0,0,1
FL,33483,PALM BEACH,0.06,0.06,0,0,0,1
FL,33484,PALM BEACH,0.06,0.06,0,0,0,1
FL,32725,VOLUSIA,0.06,0.065,0.005,0,0,1
FL,32728,VOLUSIA,0.06,0.065,0.005,0,0,1
FL,32738,VOLUSIA,0.06,0.065,0.005,0,0,1
FL,32739,VOLUSIA,0.06,0.065,0.005,0,0,1
FL,32540,OKALOOSA,0.06,0.06,0,0,0,1
FL,32541,OKALOOSA,0.06,0.06,0,0,0,1
FL,32030,CLAY,0.06,0.07,0.01,0,0,1
FL,33527,HILLSBOROUGH,0.06,0.07,0.01,0,0,1
FL,33838,POLK,0.06,0.07,0.01,0,0,1
FL,34697,PINELLAS,0.06,0.07,0.01,0,0,1
FL,34698,PINELLAS,0.06,0.07,0.01,0,0,1
FL,34433,CITRUS,0.06,0.06,0,0,0,1
FL,34434,CITRUS,0.06,0.06,0,0,0,1
FL,34430,MARION,0.06,0.06,0,0,0,1
FL,34431,MARION,0.06,0.06,0,0,0,1
FL,34432,MARION,0.06,0.06,0,0,0,1
FL,33530,HILLSBOROUGH,0.06,0.07,0.01,0,0,1
FL,33839,POLK,0.06,0.07,0.01,0,0,1
FL,32631,ALACHUA,0.06,0.06,0,0,0,1
FL,32131,PUTNAM,0.06,0.07,0.01,0,0,1
FL,32133,MARION,0.06,0.06,0,0,0,1
FL,32328,FRANKLIN,0.06,0.07,0.01,0,0,1
FL,33840,POLK,0.06,0.07,0.01,0,0,1
FL,32437,WASHINGTON,0.06,0.07,0.01,0,0,1
FL,32149,PUTNAM,0.06,0.07,0.01,0,0,1
FL,32132,VOLUSIA,0.06,0.065,0.005,0,0,1
FL,32141,VOLUSIA,0.06,0.065,0.005,0,0,1
FL,32542,OKALOOSA,0.06,0.06,0,0,0,1
FL,33927,CHARLOTTE,0.06,0.07,0.01,0,0,1
FL,34680,PASCO,0.06,0.07,0.01,0,0,1
FL,32033,ST JOHNS,0.06,0.065,0.005,0,0,1
FL,34222,MANATEE,0.06,0.065,0.005,0,0,1
FL,34224,CHARLOTTE,0.06,0.07,0.01,0,0,1
FL,34223,SARASOTA,0.06,0.07,0.01,0,0,1
FL,34295,SARASOTA,0.06,0.07,0.01,0,0,1
FL,33928,LEE,0.06,0.06,0,0,0,1
FL,32726,LAKE,0.06,0.07,0.01,0,0,1
FL,32727,LAKE,0.06,0.07,0.01,0,0,1
FL,32736,LAKE,0.06,0.07,0.01,0,0,1
FL,34139,COLLIER,0.06,0.06,0,0,0,1
FL,32633,ALACHUA,0.06,0.06,0,0,0,1
FL,32634,MARION,0.06,0.06,0,0,0,1
FL,33854,POLK,0.06,0.07,0.01,0,0,1
FL,33930,HENDRY,0.06,0.07,0.01,0,0,1
FL,32948,INDIAN RIVER,0.06,0.07,0.01,0,0,1
FL,32034,NASSAU,0.06,0.07,0.01,0,0,1
FL,32035,NASSAU,0.06,0.07,0.01,0,0,1
FL,34729,LAKE,0.06,0.07,0.01,0,0,1
FL,32136,FLAGLER,0.06,0.07,0.01,0,0,1
FL,32006,CLAY,0.06,0.07,0.01,0,0,1
FL,32140,PUTNAM,0.06,0.07,0.01,0,0,1
FL,34436,CITRUS,0.06,0.06,0,0,0,1
FL,33301,BROWARD,0.06,0.06,0,0,0,1
FL,33302,BROWARD,0.06,0.06,0,0,0,1
FL,33303,BROWARD,0.06,0.06,0,0,0,1
FL,33304,BROWARD,0.06,0.06,0,0,0,1
FL,33305,BROWARD,0.06,0.06,0,0,0,1
FL,33306,BROWARD,0.06,0.06,0,0,0,1
FL,33307,BROWARD,0.06,0.06,0,0,0,1
FL,33308,BROWARD,0.06,0.06,0,0,0,1
FL,33309,BROWARD,0.06,0.06,0,0,0,1
FL,33310,BROWARD,0.06,0.06,0,0,0,1
FL,33311,BROWARD,0.06,0.06,0,0,0,1
FL,33312,BROWARD,0.06,0.06,0,0,0,1
FL,33313,BROWARD,0.06,0.06,0,0,0,1
FL,33314,BROWARD,0.06,0.06,0,0,0,1
FL,33315,BROWARD,0.06,0.06,0,0,0,1
FL,33316,BROWARD,0.06,0.06,0,0,0,1
FL,33317,BROWARD,0.06,0.06,0,0,0,1
FL,33318,BROWARD,0.06,0.06,0,0,0,1
FL,33319,BROWARD,0.06,0.06,0,0,0,1
FL,33320,BROWARD,0.06,0.06,0,0,0,1
FL,33321,BROWARD,0.06,0.06,0,0,0,1
FL,33322,BROWARD,0.06,0.06,0,0,0,1
FL,33323,BROWARD,0.06,0.06,0,0,0,1
FL,33324,BROWARD,0.06,0.06,0,0,0,1
FL,33325,BROWARD,0.06,0.06,0,0,0,1
FL,33326,BROWARD,0.06,0.06,0,0,0,1
FL,33327,BROWARD,0.06,0.06,0,0,0,1
FL,33328,BROWARD,0.06,0.06,0,0,0,1
FL,33329,BROWARD,0.06,0.06,0,0,0,1
FL,33330,BROWARD,0.06,0.06,0,0,0,1
FL,33331,BROWARD,0.06,0.06,0,0,0,1
FL,33332,BROWARD,0.06,0.06,0,0,0,1
FL,33334,BROWARD,0.06,0.06,0,0,0,1
FL,33335,BROWARD,0.06,0.06,0,0,0,1
FL,33336,BROWARD,0.06,0.06,0,0,0,1
FL,33337,BROWARD,0.06,0.06,0,0,0,1
FL,33338,BROWARD,0.06,0.06,0,0,0,1
FL,33339,BROWARD,0.06,0.06,0,0,0,1
FL,33340,BROWARD,0.06,0.06,0,0,0,1
FL,33345,BROWARD,0.06,0.06,0,0,0,1
FL,33346,BROWARD,0.06,0.06,0,0,0,1
FL,33348,BROWARD,0.06,0.06,0,0,0,1
FL,33349,BROWARD,0.06,0.06,0,0,0,1
FL,33351,BROWARD,0.06,0.06,0,0,0,1
FL,33355,BROWARD,0.06,0.06,0,0,0,1
FL,33359,BROWARD,0.06,0.06,0,0,0,1
FL,33388,BROWARD,0.06,0.06,0,0,0,1
FL,33394,BROWARD,0.06,0.06,0,0,0,1
FL,32134,MARION,0.06,0.06,0,0,0,1
FL,33841,POLK,0.06,0.07,0.01,0,0,1
FL,33901,LEE,0.06,0.06,0,0,0,1
FL,33902,LEE,0.06,0.06,0,0,0,1
FL,33905,LEE,0.06,0.06,0,0,0,1
FL,33906,LEE,0.06,0.06,0,0,0,1
FL,33907,LEE,0.06,0.06,0,0,0,1
FL,33908,LEE,0.06,0.06,0,0,0,1
FL,33911,LEE,0.06,0.06,0,0,0,1
FL,33912,LEE,0.06,0.06,0,0,0,1
FL,33913,LEE,0.06,0.06,0,0,0,1
FL,33916,LEE,0.06,0.06,0,0,0,1
FL,33919,LEE,0.06,0.06,0,0,0,1
FL,33965,LEE,0.06,0.06,0,0,0,1
FL,33966,LEE,0.06,0.06,0,0,0,1
FL,33967,LEE,0.06,0.06,0,0,0,1
FL,33994,LEE,0.06,0.06,0,0,0,1
FL,33931,LEE,0.06,0.06,0,0,0,1
FL,33932,LEE,0.06,0.06,0,0,0,1
FL,34267,DESOTO,0.06,0.075,0.015,0,0,1
FL,34945,ST LUCIE,0.06,0.065,0.005,0,0,1
FL,34946,ST LUCIE,0.06,0.065,0.005,0,0,1
FL,34947,ST LUCIE,0.06,0.065,0.005,0,0,1
FL,34948,ST LUCIE,0.06,0.065,0.005,0,0,1
FL,34949,ST LUCIE,0.06,0.065,0.005,0,0,1
FL,34950,ST LUCIE,0.06,0.065,0.005,0,0,1
FL,34951,ST LUCIE,0.06,0.065,0.005,0,0,1
FL,34954,ST LUCIE,0.06,0.065,0.005,0,0,1
FL,34979,ST LUCIE,0.06,0.065,0.005,0,0,1
FL,34981,ST LUCIE,0.06,0.065,0.005,0,0,1
FL,34982,ST LUCIE,0.06,0.065,0.005,0,0,1
FL,32547,OKALOOSA,0.06,0.06,0,0,0,1
FL,32548,OKALOOSA,0.06,0.06,0,0,0,1
FL,32549,OKALOOSA,0.06,0.06,0,0,0,1
FL,32038,COLUMBIA,0.06,0.07,0.01,0,0,1
FL,32438,BAY,0.06,0.065,0.005,0,0,1
FL,32439,WALTON,0.06,0.07,0.01,0,0,1
FL,33843,POLK,0.06,0.07,0.01,0,0,1
FL,34731,LAKE,0.06,0.07,0.01,0,0,1
FL,32601,ALACHUA,0.06,0.06,0,0,0,1
FL,32602,ALACHUA,0.06,0.06,0,0,0,1
FL,32603,ALACHUA,0.06,0.06,0,0,0,1
FL,32604,ALACHUA,0.06,0.06,0,0,0,1
FL,32605,ALACHUA,0.06,0.06,0,0,0,1
FL,32606,ALACHUA,0.06,0.06,0,0,0,1
FL,32607,ALACHUA,0.06,0.06,0,0,0,1
FL,32608,ALACHUA,0.06,0.06,0,0,0,1
FL,32609,ALACHUA,0.06,0.06,0,0,0,1
FL,32610,ALACHUA,0.06,0.06,0,0,0,1
FL,32611,ALACHUA,0.06,0.06,0,0,0,1
FL,32612,ALACHUA,0.06,0.06,0,0,0,1
FL,32613,ALACHUA,0.06,0.06,0,0,0,1
FL,32614,ALACHUA,0.06,0.06,0,0,0,1
FL,32627,ALACHUA,0.06,0.06,0,0,0,1
FL,32635,ALACHUA,0.06,0.06,0,0,0,1
FL,32641,ALACHUA,0.06,0.06,0,0,0,1
FL,32653,ALACHUA,0.06,0.06,0,0,0,1
FL,32732,SEMINOLE,0.06,0.07,0.01,0,0,1
FL,32139,PUTNAM,0.06,0.07,0.01,0,0,1
FL,33534,HILLSBOROUGH,0.06,0.07,0.01,0,0,1
FL,32040,BAKER,0.06,0.07,0.01,0,0,1
FL,32722,VOLUSIA,0.06,0.065,0.005,0,0,1
FL,32733,SEMINOLE,0.06,0.07,0.01,0,0,1
FL,32560,ESCAMBIA,0.06,0.075,0.015,0,0,1
FL,34140,COLLIER,0.06,0.06,0,0,0,1
FL,34734,ORANGE,0.06,0.065,0.005,0,0,1
FL,32440,JACKSON,0.06,0.075,0.015,0,0,1
FL,32042,BRADFORD,0.06,0.07,0.01,0,0,1
FL,32735,LAKE,0.06,0.07,0.01,0,0,1
FL,32442,JACKSON,0.06,0.075,0.015,0,0,1
FL,32138,PUTNAM,0.06,0.07,0.01,0,0,1
FL,32949,BREVARD,0.06,0.065,0.005,0,0,1
FL,32043,CLAY,0.06,0.07,0.01,0,0,1
FL,32330,GADSDEN,0.06,0.075,0.015,0,0,1
FL,32331,MADISON,0.06,0.075,0.015,0,0,1
FL,32443,JACKSON,0.06,0.075,0.015,0,0,1
FL,32332,GADSDEN,0.06,0.075,0.015,0,0,1
FL,34736,LAKE,0.06,0.07,0.01,0,0,1
FL,32561,SANTA ROSA,0.06,0.065,0.005,0,0,1
FL,32562,SANTA ROSA,0.06,0.065,0.005,0,0,1
FL,32563,SANTA ROSA,0.06,0.065,0.005,0,0,1
FL,32639,LEVY,0.06,0.07,0.01,0,0,1
FL,33844,POLK,0.06,0.07,0.01,0,0,1
FL,33845,POLK,0.06,0.07,0.01,0,0,1
FL,33008,BROWARD,0.06,0.06,0,0,0,1
FL,33009,BROWARD,0.06,0.06,0,0,0,1
FL,32044,BRADFORD,0.06,0.07,0.01,0,0,1
FL,32145,ST JOHNS,0.06,0.065,0.005,0,0,1
FL,32333,GADSDEN,0.06,0.075,0.015,0,0,1
FL,32640,ALACHUA,0.06,0.06,0,0,0,1
FL,34442,CITRUS,0.06,0.06,0,0,0,1
FL,33002,MIAMI-DADE,0.06,0.07,0.01,0,0,1
FL,33010,MIAMI-DADE,0.06,0.07,0.01,0,0,1
FL,33011,MIAMI-DADE,0.06,0.07,0.01,0,0,1
FL,33012,MIAMI-DADE,0.06,0.07,0.01,0,0,1
FL,33013,MIAMI-DADE,0.06,0.07,0.01,0,0,1
FL,33014,MIAMI-DADE,0.06,0.07,0.01,0,0,1
FL,33015,MIAMI-DADE,0.06,0.07,0.01,0,0,1
FL,33016,MIAMI-DADE,0.06,0.07,0.01,0,0,1
FL,33017,MIAMI-DADE,0.06,0.07,0.01,0,0,1
FL,33018,MIAMI-DADE,0.06,0.07,0.01,0,0,1
FL,32643,ALACHUA,0.06,0.06,0,0,0,1
FL,32655,ALACHUA,0.06,0.06,0,0,0,1
FL,33846,POLK,0.06,0.07,0.01,0,0,1
FL,32046,NASSAU,0.06,0.07,0.01,0,0,1
FL,33455,MARTIN,0.06,0.06,0,0,0,1
FL,33475,MARTIN,0.06,0.06,0,0,0,1
FL,34445,CITRUS,0.06,0.06,0,0,0,1
FL,34690,PASCO,0.06,0.07,0.01,0,0,1
FL,34691,PASCO,0.06,0.07,0.01,0,0,1
FL,34692,PASCO,0.06,0.07,0.01,0,0,1
FL,32147,PUTNAM,0.06,0.07,0.01,0,0,1
FL,33019,BROWARD,0.06,0.06,0,0,0,1
FL,33020,BROWARD,0.06,0.06,0,0,0,1
FL,33021,BROWARD,0.06,0.06,0,0,0,1
FL,33022,BROWARD,0.06,0.06,0,0,0,1
FL,33023,BROWARD,0.06,0.06,0,0,0,1
FL,33024,BROWARD,0.06,0.06,0,0,0,1
FL,33025,BROWARD,0.06,0.06,0,0,0,1
FL,33026,BROWARD,0.06,0.06,0,0,0,1
FL,33027,BROWARD,0.06,0.06,0,0,0,1
FL,33028,BROWARD,0.06,0.06,0,0,0,1
FL,33029,BROWARD,0.06,0.06,0,0,0,1
FL,33081,BROWARD,0.06,0.06,0,0,0,1
FL,33083,BROWARD,0.06,0.06,0,0,0,1
FL,33084,BROWARD,0.06,0.06,0,0,0,1
FL,34218,MANATEE,0.06,0.065,0.005,0,0,1
FL,32564,OKALOOSA,0.06,0.06,0,0,0,1
FL,33847,POLK,0.06,0.07,0.01,0,0,1
FL,33030,MIAMI-DADE,0.06,0.07,0.01,0,0,1
FL,33031,MIAMI-DADE,0.06,0.07,0.01,0,0,1
FL,33032,MIAMI-DADE,0.06,0.07,0.01,0,0,1
FL,33033,MIAMI-DADE,0.06,0.07,0.01,0,0,1
FL,33034,MIAMI-DADE,0.06,0.07,0.01,0,0,1
FL,33035,MIAMI-DADE,0.06,0.07,0.01,0,0,1
FL,33039,MIAMI-DADE,0.06,0.07,0.01,0,0,1
FL,33090,MIAMI-DADE,0.06,0.07,0.01,0,0,1
FL,33092,MIAMI-DADE,0.06,0.07,0.01,0,0,1
FL,34446,CITRUS,0.06,0.06,0,0,0,1
FL,34448,CITRUS,0.06,0.06,0,0,0,1
FL,34487,CITRUS,0.06,0.06,0,0,0,1
FL,34447,CITRUS,0.06,0.06,0,0,0,1
FL,32648,DIXIE,0.06,0.07,0.01,0,0,1
FL,32334,LIBERTY,0.06,0.075,0.015,0,0,1
FL,34737,LAKE,0.06,0.07,0.01,0,0,1
FL,34667,PASCO,0.06,0.07,0.01,0,0,1
FL,34669,PASCO,0.06,0.07,0.01,0,0,1
FL,34674,PASCO,0.06,0.07,0.01,0,0,1
FL,32544,OKALOOSA,0.06,0.06,0,0,0,1
FL,34142,COLLIER,0.06,0.06,0,0,0,1
FL,34143,COLLIER,0.06,0.06,0,0,0,1
FL,32903,BREVARD,0.06,0.065,0.005,0,0,1
FL,33855,POLK,0.06,0.07,0.01,0,0,1
FL,33785,PINELLAS,0.06,0.07,0.01,0,0,1
FL,34956,MARTIN,0.06,0.06,0,0,0,1
FL,34449,LEVY,0.06,0.07,0.01,0,0,1
FL,33848,OSCEOLA,0.06,0.07,0.01,0,0,1
FL,32148,PUTNAM,0.06,0.07,0.01,0,0,1
FL,34450,CITRUS,0.06,0.06,0,0,0,1
FL,34451,CITRUS,0.06,0.06,0,0,0,1
FL,34452,CITRUS,0.06,0.06,0,0,0,1
FL,34453,CITRUS,0.06,0.06,0,0,0,1
FL,33036,MONROE,0.06,0.075,0.015,0,0,1
FL,32654,ALACHUA,0.06,0.06,0,0,0,1
FL,34636,HERNANDO,0.06,0.065,0.005,0,0,1
FL,32099,DUVAL,0.06,0.07,0.01,0,0,1
FL,32201,DUVAL,0.06,0.07,0.01,0,0,1
FL,32202,DUVAL,0.06,0.07,0.01,0,0,1
FL,32203,DUVAL,0.06,0.07,0.01,0,0,1
FL,32204,DUVAL,0.06,0.07,0.01,0,0,1
FL,32205,DUVAL,0.06,0.07,0.01,0,0,1
FL,32206,DUVAL,0.06,0.07,0.01,0,0,1
FL,32207,DUVAL,0.06,0.07,0.01,0,0,1
FL,32208,DUVAL,0.06,0.07,0.01,0,0,1
FL,32209,DUVAL,0.06,0.07,0.01,0,0,1
FL,32210,DUVAL,0.06,0.07,0.01,0,0,1
FL,32211,DUVAL,0.06,0.07,0.01,0,0,1
FL,32212,DUVAL,0.06,0.07,0.01,0,0,1
FL,32214,DUVAL,0.06,0.07,0.01,0,0,1
FL,32215,DUVAL,0.06,0.07,0.01,0,0,1
FL,32216,DUVAL,0.06,0.07,0.01,0,0,1
FL,32217,DUVAL,0.06,0.07,0.01,0,0,1
FL,32218,DUVAL,0.06,0.07,0.01,0,0,1
FL,32219,DUVAL,0.06,0.07,0.01,0,0,1
FL,32220,DUVAL,0.06,0.07,0.01,0,0,1
FL,32221,DUVAL,0.06,0.07,0.01,0,0,1
FL,32222,DUVAL,0.06,0.07,0.01,0,0,1
FL,32223,DUVAL,0.06,0.07,0.01,0,0,1
FL,32224,DUVAL,0.06,0.07,0.01,0,0,1
FL,32225,DUVAL,0.06,0.07,0.01,0,0,1
FL,32226,DUVAL,0.06,0.07,0.01,0,0,1
FL,32227,DUVAL,0.06,0.07,0.01,0,0,1
FL,32228,DUVAL,0.06,0.07,0.01,0,0,1
FL,32229,DUVAL,0.06,0.07,0.01,0,0,1
FL,32230,DUVAL,0.06,0.07,0.01,0,0,1
FL,32231,DUVAL,0.06,0.07,0.01,0,0,1
FL,32232,DUVAL,0.06,0.07,0.01,0,0,1
FL,32234,DUVAL,0.06,0.07,0.01,0,0,1
FL,32235,DUVAL,0.06,0.07,0.01,0,0,1
FL,32236,DUVAL,0.06,0.07,0.01,0,0,1
FL,32237,DUVAL,0.06,0.07,0.01,0,0,1
FL,32238,DUVAL,0.06,0.07,0.01,0,0,1
FL,32239,DUVAL,0.06,0.07,0.01,0,0,1
FL,32241,DUVAL,0.06,0.07,0.01,0,0,1
FL,32244,DUVAL,0.06,0.07,0.01,0,0,1
FL,32245,DUVAL,0.06,0.07,0.01,0,0,1
FL,32246,DUVAL,0.06,0.07,0.01,0,0,1
FL,32247,DUVAL,0.06,0.07,0.01,0,0,1
FL,32254,DUVAL,0.06,0.07,0.01,0,0,1
FL,32255,DUVAL,0.06,0.07,0.01,0,0,1
FL,32256,DUVAL,0.06,0.07,0.01,0,0,1
FL,32257,DUVAL,0.06,0.07,0.01,0,0,1
FL,32258,DUVAL,0.06,0.07,0.01,0,0,1
FL,32267,DUVAL,0.06,0.07,0.01,0,0,1
FL,32277,DUVAL,0.06,0.07,0.01,0,0,1
FL,32290,DUVAL,0.06,0.07,0.01,0,0,1
FL,32260,ST JOHNS,0.06,0.065,0.005,0,0,1
FL,32240,DUVAL,0.06,0.07,0.01,0,0,1
FL,32250,DUVAL,0.06,0.07,0.01,0,0,1
FL,32052,HAMILTON,0.06,0.07,0.01,0,0,1
FL,32565,SANTA ROSA,0.06,0.065,0.005,0,0,1
FL,32053,HAMILTON,0.06,0.07,0.01,0,0,1
FL,34957,MARTIN,0.06,0.06,0,0,0,1
FL,34958,MARTIN,0.06,0.06,0,0,0,1
FL,33458,PALM BEACH,0.06,0.06,0,0,0,1
FL,33468,PALM BEACH,0.06,0.06,0,0,0,1
FL,33469,PALM BEACH,0.06,0.06,0,0,0,1
FL,33477,PALM BEACH,0.06,0.06,0,0,0,1
FL,33478,PALM BEACH,0.06,0.06,0,0,0,1
FL,33849,POLK,0.06,0.07,0.01,0,0,1
FL,34739,OSCEOLA,0.06,0.07,0.01,0,0,1
FL,33149,MIAMI-DADE,0.06,0.07,0.01,0,0,1
FL,33051,MONROE,0.06,0.075,0.015,0,0,1
FL,33037,MONROE,0.06,0.075,0.015,0,0,1
FL,33040,MONROE,0.06,0.075,0.015,0,0,1
FL,33041,MONROE,0.06,0.075,0.015,0,0,1
FL,33045,MONROE,0.06,0.075,0.015,0,0,1
FL,32656,CLAY,0.06,0.07,0.01,0,0,1
FL,34740,ORANGE,0.06,0.065,0.005,0,0,1
FL,34741,OSCEOLA,0.06,0.07,0.01,0,0,1
FL,34742,OSCEOLA,0.06,0.07,0.01,0,0,1
FL,34743,OSCEOLA,0.06,0.07,0.01,0,0,1
FL,34744,OSCEOLA,0.06,0.07,0.01,0,0,1
FL,34745,OSCEOLA,0.06,0.07,0.01,0,0,1
FL,34746,OSCEOLA,0.06,0.07,0.01,0,0,1
FL,34747,OSCEOLA,0.06,0.07,0.01,0,0,1
FL,34758,OSCEOLA,0.06,0.07,0.01,0,0,1
FL,34759,POLK,0.06,0.07,0.01,0,0,1
FL,32658,ALACHUA,0.06,0.06,0,0,0,1
FL,33935,HENDRY,0.06,0.07,0.01,0,0,1
FL,33975,HENDRY,0.06,0.07,0.01,0,0,1
FL,33537,PASCO,0.06,0.07,0.01,0,0,1
FL,32158,LAKE,0.06,0.07,0.01,0,0,1
FL,32159,LAKE,0.06,0.07,0.01,0,0,1
FL,32162,SUMTER,0.06,0.07,0.01,0,0,1
FL,33850,POLK,0.06,0.07,0.01,0,0,1
FL,32054,UNION,0.06,0.07,0.01,0,0,1
FL,32024,COLUMBIA,0.06,0.07,0.01,0,0,1
FL,32025,COLUMBIA,0.06,0.07,0.01,0,0,1
FL,32055,COLUMBIA,0.06,0.07,0.01,0,0,1
FL,32056,COLUMBIA,0.06,0.07,0.01,0,0,1
FL,32157,PUTNAM,0.06,0.07,0.01,0,0,1
FL,32160,CLAY,0.06,0.07,0.01,0,0,1
FL,33851,POLK,0.06,0.07,0.01,0,0,1
FL,33459,PALM BEACH,0.06,0.06,0,0,0,1
FL,32744,VOLUSIA,0.06,0.065,0.005,0,0,1
FL,32746,SEMINOLE,0.06,0.07,0.01,0,0,1
FL,32795,SEMINOLE,0.06,0.07,0.01,0,0,1
FL,32747,SEMINOLE,0.06,0.07,0.01,0,0,1
FL,33538,SUMTER,0.06,0.07,0.01,0,0,1
FL,33852,HIGHLANDS,0.06,0.07,0.01,0,0,1
FL,33862,HIGHLANDS,0.06,0.07,0.01,0,0,1
FL,33853,POLK,0.06,0.07,0.01,0,0,1
FL,33859,POLK,0.06,0.07,0.01,0,0,1
FL,33898,POLK,0.06,0.07,0.01,0,0,1
FL,33454,PALM BEACH,0.06,0.06,0,0,0,1
FL,33460,PALM BEACH,0.06,0.06,0,0,0,1
FL,33461,PALM BEACH,0.06,0.06,0,0,0,1
FL,33462,PALM BEACH,0.06,0.06,0,0,0,1
FL,33463,PALM BEACH,0.06,0.06,0,0,0,1
FL,33465,PALM BEACH,0.06,0.06,0,0,0,1
FL,33466,PALM BEACH,0.06,0.06,0,0,0,1
FL,33467,PALM BEACH,0.06,0.06,0,0,0,1
FL,33801,POLK,0.06,0.07,0.01,0,0,1
FL,33802,POLK,0.06,0.07,0.01,0,0,1
FL,33803,POLK,0.06,0.07,0.01,0,0,1
FL,33804,POLK,0.06,0.07,0.01,0,0,1
FL,33805,POLK,0.06,0.07,0.01,0,0,1
FL,33806,POLK,0.06,0.07,0.01,0,0,1
FL,33807,POLK,0.06,0.07,0.01,0,0,1
FL,33809,POLK,0.06,0.07,0.01,0,0,1
FL,33810,POLK,0.06,0.07,0.01,0,0,1
FL,33811,POLK,0.06,0.07,0.01,0,0,1
FL,33812,POLK,0.06,0.07,0.01,0,0,1
FL,33813,POLK,0.06,0.07,0.01,0,0,1
FL,33815,POLK,0.06,0.07,0.01,0,0,1
FL,32336,JEFFERSON,0.06,0.07,0.01,0,0,1
FL,32323,FRANKLIN,0.06,0.07,0.01,0,0,1
FL,34637,PASCO,0.06,0.07,0.01,0,0,1
FL,34638,PASCO,0.06,0.07,0.01,0,0,1
FL,34639,PASCO,0.06,0.07,0.01,0,0,1
FL,33770,PINELLAS,0.06,0.07,0.01,0,0,1
FL,33771,PINELLAS,0.06,0.07,0.01,0,0,1
FL,33773,PINELLAS,0.06,0.07,0.01,0,0,1
FL,33774,PINELLAS,0.06,0.07,0.01,0,0,1
FL,33778,PINELLAS,0.06,0.07,0.01,0,0,1
FL,33779,PINELLAS,0.06,0.07,0.01,0,0,1
FL,34272,SARASOTA,0.06,0.07,0.01,0,0,1
FL,32567,OKALOOSA,0.06,0.06,0,0,0,1
FL,32058,BRADFORD,0.06,0.07,0.01,0,0,1
FL,34460,CITRUS,0.06,0.06,0,0,0,1
FL,34461,CITRUS,0.06,0.06,0,0,0,1
FL,32059,MADISON,0.06,0.075,0.015,0,0,1
FL,34748,LAKE,0.06,0.07,0.01,0,0,1
FL,34749,LAKE,0.06,0.07,0.01,0,0,1
FL,34788,LAKE,0.06,0.07,0.01,0,0,1
FL,34789,LAKE,0.06,0.07,0.01,0,0,1
FL,33936,LEE,0.06,0.06,0,0,0,1
FL,33970,LEE,0.06,0.06,0,0,0,1
FL,33971,LEE,0.06,0.06,0,0,0,1
FL,33972,LEE,0.06,0.06,0,0,0,1
FL,33547,HILLSBOROUGH,0.06,0.07,0.01,0,0,1
FL,32060,SUWANNEE,0.06,0.07,0.01,0,0,1
FL,32064,SUWANNEE,0.06,0.07,0.01,0,0,1
FL,32337,JEFFERSON,0.06,0.07,0.01,0,0,1
FL,32662,ALACHUA,0.06,0.06,0,0,0,1
FL,33001,MONROE,0.06,0.075,0.015,0,0,1
FL,34228,MANATEE,0.06,0.065,0.005,0,0,1
FL,32750,SEMINOLE,0.06,0.07,0.01,0,0,1
FL,32752,SEMINOLE,0.06,0.07,0.01,0,0,1
FL,32779,SEMINOLE,0.06,0.07,0.01,0,0,1
FL,32791,SEMINOLE,0.06,0.07,0.01,0,0,1
FL,33857,HIGHLANDS,0.06,0.07,0.01,0,0,1
FL,33858,POLK,0.06,0.07,0.01,0,0,1
FL,32663,MARION,0.06,0.06,0,0,0,1
FL,33470,PALM BEACH,0.06,0.06,0,0,0,1
FL,32061,COLUMBIA,0.06,0.07,0.01,0,0,1
FL,33548,HILLSBOROUGH,0.06,0.07,0.01,0,0,1
FL,33549,HILLSBOROUGH,0.06,0.07,0.01,0,0,1
FL,33558,HILLSBOROUGH,0.06,0.07,0.01,0,0,1
FL,33559,HILLSBOROUGH,0.06,0.07,0.01,0,0,1
FL,32444,BAY,0.06,0.065,0.005,0,0,1
FL,32063,BAKER,0.06,0.07,0.01,0,0,1
FL,32340,MADISON,0.06,0.075,0.015,0,0,1
FL,32341,MADISON,0.06,0.075,0.015,0,0,1
FL,32751,ORANGE,0.06,0.065,0.005,0,0,1
FL,32794,ORANGE,0.06,0.065,0.005,0,0,1
FL,32950,BREVARD,0.06,0.065,0.005,0,0,1
FL,32445,JACKSON,0.06,0.075,0.015,0,0,1
FL,33550,HILLSBOROUGH,0.06,0.07,0.01,0,0,1
FL,33050,MONROE,0.06,0.075,0.015,0,0,1
FL,33052,MONROE,0.06,0.075,0.015,0,0,1
FL,34145,COLLIER,0.06,0.06,0,0,0,1
FL,34146,COLLIER,0.06,0.06,0,0,0,1
FL,32446,JACKSON,0.06,0.075,0.015,0,0,1
FL,32447,JACKSON,0.06,0.075,0.015,0,0,1
FL,32448,JACKSON,0.06,0.075,0.015,0,0,1
FL,32569,OKALOOSA,0.06,0.06,0,0,0,1
FL,34753,LAKE,0.06,0.07,0.01,0,0,1
FL,32066,LAFAYETTE,0.06,0.07,0.01,0,0,1
FL,32062,SUWANNEE,0.06,0.07,0.01,0,0,1
FL,32568,ESCAMBIA,0.06,0.075,0.015,0,0,1
FL,32664,MARION,0.06,0.06,0,0,0,1
FL,32901,BREVARD,0.06,0.065,0.005,0,0,1
FL,32902,BREVARD,0.06,0.065,0.005,0,0,1
FL,32904,BREVARD,0.06,0.065,0.005,0,0,1
FL,32912,BREVARD,0.06,0.065,0.005,0,0,1
FL,32919,BREVARD,0.06,0.065,0.005,0,0,1
FL,32934,BREVARD,0.06,0.065,0.005,0,0,1
FL,32935,BREVARD,0.06,0.065,0.005,0,0,1
FL,32936,BREVARD,0.06,0.065,0.005,0,0,1
FL,32940,BREVARD,0.06,0.065,0.005,0,0,1
FL,32941,BREVARD,0.06,0.065,0.005,0,0,1
FL,32951,BREVARD,0.06,0.065,0.005,0,0,1
FL,32666,PUTNAM,0.06,0.07,0.01,0,0,1
FL,32952,BREVARD,0.06,0.065,0.005,0,0,1
FL,32953,BREVARD,0.06,0.065,0.005,0,0,1
FL,32954,BREVARD,0.06,0.065,0.005,0,0,1
FL,32410,BAY,0.06,0.065,0.005,0,0,1
FL,33101,MIAMI-DADE,0.06,0.07,0.01,0,0,1
FL,33102,MIAMI-DADE,0.06,0.07,0.01,0,0,1
FL,33107,MIAMI-DADE,0.06,0.07,0.01,0,0,1
FL,33110,MIAMI-DADE,0.06,0.07,0.01,0,0,1
FL,33111,MIAMI-DADE,0.06,0.07,0.01,0,0,1
FL,33112,MIAMI-DADE,0.06,0.07,0.01,0,0,1
FL,33114,MIAMI-DADE,0.06,0.07,0.01,0,0,1
FL,33116,MIAMI-DADE,0.06,0.07,0.01,0,0,1
FL,33121,MIAMI-DADE,0.06,0.07,0.01,0,0,1
FL,33122,MIAMI-DADE,0.06,0.07,0.01,0,0,1
FL,33124,MIAMI-DADE,0.06,0.07,0.01,0,0,1
FL,33125,MIAMI-DADE,0.06,0.07,0.01,0,0,1
FL,33126,MIAMI-DADE,0.06,0.07,0.01,0,0,1
FL,33127,MIAMI-DADE,0.06,0.07,0.01,0,0,1
FL,33128,MIAMI-DADE,0.06,0.07,0.01,0,0,1
FL,33129,MIAMI-DADE,0.06,0.07,0.01,0,0,1
FL,33130,MIAMI-DADE,0.06,0.07,0.01,0,0,1
FL,33131,MIAMI-DADE,0.06,0.07,0.01,0,0,1
FL,33132,MIAMI-DADE,0.06,0.07,0.01,0,0,1
FL,33133,MIAMI-DADE,0.06,0.07,0.01,0,0,1
FL,33134,MIAMI-DADE,0.06,0.07,0.01,0,0,1
FL,33135,MIAMI-DADE,0.06,0.07,0.01,0,0,1
FL,33136,MIAMI-DADE,0.06,0.07,0.01,0,0,1
FL,33137,MIAMI-DADE,0.06,0.07,0.01,0,0,1
FL,33138,MIAMI-DADE,0.06,0.07,0.01,0,0,1
FL,33142,MIAMI-DADE,0.06,0.07,0.01,0,0,1
FL,33143,MIAMI-DADE,0.06,0.07,0.01,0,0,1
FL,33144,MIAMI-DADE,0.06,0.07,0.01,0,0,1
FL,33145,MIAMI-DADE,0.06,0.07,0.01,0,0,1
FL,33146,MIAMI-DADE,0.06,0.07,0.01,0,0,1
FL,33147,MIAMI-DADE,0.06,0.07,0.01,0,0,1
FL,33148,MIAMI-DADE,0.06,0.07,0.01,0,0,1
FL,33150,MIAMI-DADE,0.06,0.07,0.01,0,0,1
FL,33151,MIAMI-DADE,0.06,0.07,0.01,0,0,1
FL,33152,MIAMI-DADE,0.06,0.07,0.01,0,0,1
FL,33153,MIAMI-DADE,0.06,0.07,0.01,0,0,1
FL,33155,MIAMI-DADE,0.06,0.07,0.01,0,0,1
FL,33156,MIAMI-DADE,0.06,0.07,0.01,0,0,1
FL,33157,MIAMI-DADE,0.06,0.07,0.01,0,0,1
FL,33158,MIAMI-DADE,0.06,0.07,0.01,0,0,1
FL,33159,MIAMI-DADE,0.06,0.07,0.01,0,0,1
FL,33161,MIAMI-DADE,0.06,0.07,0.01,0,0,1
FL,33162,MIAMI-DADE,0.06,0.07,0.01,0,0,1
FL,33163,MIAMI-DADE,0.06,0.07,0.01,0,0,1
FL,33164,MIAMI-DADE,0.06,0.07,0.01,0,0,1
FL,33165,MIAMI-DADE,0.06,0.07,0.01,0,0,1
FL,33166,MIAMI-DADE,0.06,0.07,0.01,0,0,1
FL,33167,MIAMI-DADE,0.06,0.07,0.01,0,0,1
FL,33168,MIAMI-DADE,0.06,0.07,0.01,0,0,1
FL,33169,MIAMI-DADE,0.06,0.07,0.01,0,0,1
FL,33170,MIAMI-DADE,0.06,0.07,0.01,0,0,1
FL,33172,MIAMI-DADE,0.06,0.07,0.01,0,0,1
FL,33173,MIAMI-DADE,0.06,0.07,0.01,0,0,1
FL,33174,MIAMI-DADE,0.06,0.07,0.01,0,0,1
FL,33175,MIAMI-DADE,0.06,0.07,0.01,0,0,1
FL,33176,MIAMI-DADE,0.06,0.07,0.01,0,0,1
FL,33177,MIAMI-DADE,0.06,0.07,0.01,0,0,1
FL,33178,MIAMI-DADE,0.06,0.07,0.01,0,0,1
FL,33179,MIAMI-DADE,0.06,0.07,0.01,0,0,1
FL,33180,MIAMI-DADE,0.06,0.07,0.01,0,0,1
FL,33181,MIAMI-DADE,0.06,0.07,0.01,0,0,1
FL,33182,MIAMI-DADE,0.06,0.07,0.01,0,0,1
FL,33183,MIAMI-DADE,0.06,0.07,0.01,0,0,1
FL,33184,MIAMI-DADE,0.06,0.07,0.01,0,0,1
FL,33185,MIAMI-DADE,0.06,0.07,0.01,0,0,1
FL,33186,MIAMI-DADE,0.06,0.07,0.01,0,0,1
FL,33187,MIAMI-DADE,0.06,0.07,0.01,0,0,1
FL,33188,MIAMI-DADE,0.06,0.07,0.01,0,0,1
FL,33189,MIAMI-DADE,0.06,0.07,0.01,0,0,1
FL,33190,MIAMI-DADE,0.06,0.07,0.01,0,0,1
FL,33193,MIAMI-DADE,0.06,0.07,0.01,0,0,1
FL,33194,MIAMI-DADE,0.06,0.07,0.01,0,0,1
FL,33195,MIAMI-DADE,0.06,0.07,0.01,0,0,1
FL,33196,MIAMI-DADE,0.06,0.07,0.01,0,0,1
FL,33197,MIAMI-DADE,0.06,0.07,0.01,0,0,1
FL,33199,MIAMI-DADE,0.06,0.07,0.01,0,0,1
FL,33231,MIAMI-DADE,0.06,0.07,0.01,0,0,1
FL,33233,MIAMI-DADE,0.06,0.07,0.01,0,0,1
FL,33234,MIAMI-DADE,0.06,0.07,0.01,0,0,1
FL,33238,MIAMI-DADE,0.06,0.07,0.01,0,0,1
FL,33242,MIAMI-DADE,0.06,0.07,0.01,0,0,1
FL,33243,MIAMI-DADE,0.06,0.07,0.01,0,0,1
FL,33245,MIAMI-DADE,0.06,0.07,0.01,0,0,1
FL,33247,MIAMI-DADE,0.06,0.07,0.01,0,0,1
FL,33255,MIAMI-DADE,0.06,0.07,0.01,0,0,1
FL,33256,MIAMI-DADE,0.06,0.07,0.01,0,0,1
FL,33257,MIAMI-DADE,0.06,0.07,0.01,0,0,1
FL,33261,MIAMI-DADE,0.06,0.07,0.01,0,0,1
FL,33265,MIAMI-DADE,0.06,0.07,0.01,0,0,1
FL,33266,MIAMI-DADE,0.06,0.07,0.01,0,0,1
FL,33269,MIAMI-DADE,0.06,0.07,0.01,0,0,1
FL,33280,MIAMI-DADE,0.06,0.07,0.01,0,0,1
FL,33283,MIAMI-DADE,0.06,0.07,0.01,0,0,1
FL,33296,MIAMI-DADE,0.06,0.07,0.01,0,0,1
FL,33299,MIAMI-DADE,0.06,0.07,0.01,0,0,1
FL,33109,MIAMI-DADE,0.06,0.07,0.01,0,0,1
FL,33119,MIAMI-DADE,0.06,0.07,0.01,0,0,1
FL,33139,MIAMI-DADE,0.06,0.07,0.01,0,0,1
FL,33140,MIAMI-DADE,0.06,0.07,0.01,0,0,1
FL,33141,MIAMI-DADE,0.06,0.07,0.01,0,0,1
FL,33154,MIAMI-DADE,0.06,0.07,0.01,0,0,1
FL,33239,MIAMI-DADE,0.06,0.07,0.01,0,0,1
FL,32667,ALACHUA,0.06,0.06,0,0,0,1
FL,32745,SEMINOLE,0.06,0.07,0.01,0,0,1
FL,32799,SEMINOLE,0.06,0.07,0.01,0,0,1
FL,32050,CLAY,0.06,0.07,0.01,0,0,1
FL,32068,CLAY,0.06,0.07,0.01,0,0,1
FL,32343,GADSDEN,0.06,0.075,0.015,0,0,1
FL,32537,OKALOOSA,0.06,0.06,0,0,0,1
FL,32570,SANTA ROSA,0.06,0.065,0.005,0,0,1
FL,32571,SANTA ROSA,0.06,0.065,0.005,0,0,1
FL,32572,SANTA ROSA,0.06,0.065,0.005,0,0,1
FL,32583,SANTA ROSA,0.06,0.065,0.005,0,0,1
FL,32754,BREVARD,0.06,0.065,0.005,0,0,1
FL,34755,LAKE,0.06,0.07,0.01,0,0,1
FL,32550,WALTON,0.06,0.07,0.01,0,0,1
FL,32577,ESCAMBIA,0.06,0.075,0.015,0,0,1
FL,32344,JEFFERSON,0.06,0.07,0.01,0,0,1
FL,32345,JEFFERSON,0.06,0.07,0.01,0,0,1
FL,34756,LAKE,0.06,0.07,0.01,0,0,1
FL,33471,GLADES,0.06,0.07,0.01,0,0,1
FL,32668,LEVY,0.06,0.07,0.01,0,0,1
FL,32434,WALTON,0.06,0.07,0.01,0,0,1
FL,32756,LAKE,0.06,0.07,0.01,0,0,1
FL,32757,LAKE,0.06,0.07,0.01,0,0,1
FL,33860,POLK,0.06,0.07,0.01,0,0,1
FL,33938,CHARLOTTE,0.06,0.07,0.01,0,0,1
FL,34251,MANATEE,0.06,0.065,0.005,0,0,1
FL,33856,POLK,0.06,0.07,0.01,0,0,1
FL,34101,COLLIER,0.06,0.06,0,0,0,1
FL,34102,COLLIER,0.06,0.06,0,0,0,1
FL,34103,COLLIER,0.06,0.06,0,0,0,1
FL,34104,COLLIER,0.06,0.06,0,0,0,1
FL,34105,COLLIER,0.06,0.06,0,0,0,1
FL,34106,COLLIER,0.06,0.06,0,0,0,1
FL,34108,COLLIER,0.06,0.06,0,0,0,1
FL,34109,COLLIER,0.06,0.06,0,0,0,1
FL,34110,COLLIER,0.06,0.06,0,0,0,1
FL,34112,COLLIER,0.06,0.06,0,0,0,1
FL,34113,COLLIER,0.06,0.06,0,0,0,1
FL,34114,COLLIER,0.06,0.06,0,0,0,1
FL,34116,COLLIER,0.06,0.06,0,0,0,1
FL,34117,COLLIER,0.06,0.06,0,0,0,1
FL,34119,COLLIER,0.06,0.06,0,0,0,1
FL,34120,COLLIER,0.06,0.06,0,0,0,1
FL,32566,SANTA ROSA,0.06,0.065,0.005,0,0,1
FL,32266,DUVAL,0.06,0.07,0.01,0,0,1
FL,34652,PASCO,0.06,0.07,0.01,0,0,1
FL,34653,PASCO,0.06,0.07,0.01,0,0,1
FL,34654,PASCO,0.06,0.07,0.01,0,0,1
FL,34655,PASCO,0.06,0.07,0.01,0,0,1
FL,34656,PASCO,0.06,0.07,0.01,0,0,1
FL,32168,VOLUSIA,0.06,0.065,0.005,0,0,1
FL,32169,VOLUSIA,0.06,0.065,0.005,0,0,1
FL,32170,VOLUSIA,0.06,0.065,0.005,0,0,1
FL,32669,ALACHUA,0.06,0.06,0,0,0,1
FL,32578,OKALOOSA,0.06,0.06,0,0,0,1
FL,32588,OKALOOSA,0.06,0.06,0,0,0,1
FL,33863,POLK,0.06,0.07,0.01,0,0,1
FL,34661,HERNANDO,0.06,0.065,0.005,0,0,1
FL,34268,DESOTO,0.06,0.075,0.015,0,0,1
FL,34274,SARASOTA,0.06,0.07,0.01,0,0,1
FL,34275,SARASOTA,0.06,0.07,0.01,0,0,1
FL,32452,HOLMES,0.06,0.07,0.01,0,0,1
FL,33903,LEE,0.06,0.06,0,0,0,1
FL,33917,LEE,0.06,0.06,0,0,0,1
FL,33918,LEE,0.06,0.06,0,0,0,1
FL,33160,MIAMI-DADE,0.06,0.07,0.01,0,0,1
FL,33408,PALM BEACH,0.06,0.06,0,0,0,1
FL,34286,SARASOTA,0.06,0.07,0.01,0,0,1
FL,34287,SARASOTA,0.06,0.07,0.01,0,0,1
FL,34288,SARASOTA,0.06,0.07,0.01,0,0,1
FL,34289,SARASOTA,0.06,0.07,0.01,0,0,1
FL,32071,SUWANNEE,0.06,0.07,0.01,0,0,1
FL,32759,VOLUSIA,0.06,0.065,0.005,0,0,1
FL,34760,ORANGE,0.06,0.065,0.005,0,0,1
FL,34470,MARION,0.06,0.06,0,0,0,1
FL,34471,MARION,0.06,0.06,0,0,0,1
FL,34472,MARION,0.06,0.06,0,0,0,1
FL,34473,MARION,0.06,0.06,0,0,0,1
FL,34474,MARION,0.06,0.06,0,0,0,1
FL,34475,MARION,0.06,0.06,0,0,0,1
FL,34476,MARION,0.06,0.06,0,0,0,1
FL,34477,MARION,0.06,0.06,0,0,0,1
FL,34478,MARION,0.06,0.06,0,0,0,1
FL,34479,MARION,0.06,0.06,0,0,0,1
FL,34480,MARION,0.06,0.06,0,0,0,1
FL,34481,MARION,0.06,0.06,0,0,0,1
FL,34482,MARION,0.06,0.06,0,0,0,1
FL,34483,MARION,0.06,0.06,0,0,0,1
FL,34141,MIAMI-DADE,0.06,0.07,0.01,0,0,1
FL,32179,MARION,0.06,0.06,0,0,0,1
FL,32183,MARION,0.06,0.06,0,0,0,1
FL,34761,ORANGE,0.06,0.065,0.005,0,0,1
FL,33556,HILLSBOROUGH,0.06,0.07,0.01,0,0,1
FL,34762,LAKE,0.06,0.07,0.01,0,0,1
FL,34972,OKEECHOBEE,0.06,0.07,0.01,0,0,1
FL,34973,OKEECHOBEE,0.06,0.07,0.01,0,0,1
FL,34974,OKEECHOBEE,0.06,0.07,0.01,0,0,1
FL,32680,DIXIE,0.06,0.07,0.01,0,0,1
FL,34677,PINELLAS,0.06,0.07,0.01,0,0,1
FL,32072,BAKER,0.06,0.07,0.01,0,0,1
FL,33865,HARDEE,0.06,0.07,0.01,0,0,1
FL,34264,MANATEE,0.06,0.065,0.005,0,0,1
FL,33054,MIAMI-DADE,0.06,0.07,0.01,0,0,1
FL,33055,MIAMI-DADE,0.06,0.07,0.01,0,0,1
FL,33056,MIAMI-DADE,0.06,0.07,0.01,0,0,1
FL,32763,VOLUSIA,0.06,0.065,0.005,0,0,1
FL,32774,VOLUSIA,0.06,0.065,0.005,0,0,1
FL,32681,MARION,0.06,0.06,0,0,0,1
FL,32003,CLAY,0.06,0.07,0.01,0,0,1
FL,32065,CLAY,0.06,0.07,0.01,0,0,1
FL,32067,CLAY,0.06,0.07,0.01,0,0,1
FL,32073,CLAY,0.06,0.07,0.01,0,0,1
FL,32182,MARION,0.06,0.06,0,0,0,1
FL,32815,BREVARD,0.06,0.065,0.005,0,0,1
FL,32899,BREVARD,0.06,0.065,0.005,0,0,1
FL,32801,ORANGE,0.06,0.065,0.005,0,0,1
FL,32802,ORANGE,0.06,0.065,0.005,0,0,1
FL,32803,ORANGE,0.06,0.065,0.005,0,0,1
FL,32804,ORANGE,0.06,0.065,0.005,0,0,1
FL,32805,ORANGE,0.06,0.065,0.005,0,0,1
FL,32806,ORANGE,0.06,0.065,0.005,0,0,1
FL,32807,ORANGE,0.06,0.065,0.005,0,0,1
FL,32808,ORANGE,0.06,0.065,0.005,0,0,1
FL,32809,ORANGE,0.06,0.065,0.005,0,0,1
FL,32810,ORANGE,0.06,0.065,0.005,0,0,1
FL,32811,ORANGE,0.06,0.065,0.005,0,0,1
FL,32812,ORANGE,0.06,0.065,0.005,0,0,1
FL,32814,ORANGE,0.06,0.065,0.005,0,0,1
FL,32816,ORANGE,0.06,0.065,0.005,0,0,1
FL,32817,ORANGE,0.06,0.065,0.005,0,0,1
FL,32818,ORANGE,0.06,0.065,0.005,0,0,1
FL,32819,ORANGE,0.06,0.065,0.005,0,0,1
FL,32820,ORANGE,0.06,0.065,0.005,0,0,1
FL,32821,ORANGE,0.06,0.065,0.005,0,0,1
FL,32822,ORANGE,0.06,0.065,0.005,0,0,1
FL,32824,ORANGE,0.06,0.065,0.005,0,0,1
FL,32825,ORANGE,0.06,0.065,0.005,0,0,1
FL,32826,ORANGE,0.06,0.065,0.005,0,0,1
FL,32827,ORANGE,0.06,0.065,0.005,0,0,1
FL,32828,ORANGE,0.06,0.065,0.005,0,0,1
FL,32829,ORANGE,0.06,0.065,0.005,0,0,1
FL,32830,ORANGE,0.06,0.065,0.005,0,0,1
FL,32831,ORANGE,0.06,0.065,0.005,0,0,1
FL,32832,ORANGE,0.06,0.065,0.005,0,0,1
FL,32833,ORANGE,0.06,0.065,0.005,0,0,1
FL,32834,ORANGE,0.06,0.065,0.005,0,0,1
FL,32835,ORANGE,0.06,0.065,0.005,0,0,1
FL,32836,ORANGE,0.06,0.065,0.005,0,0,1
FL,32837,ORANGE,0.06,0.065,0.005,0,0,1
FL,32839,ORANGE,0.06,0.065,0.005,0,0,1
FL,32853,ORANGE,0.06,0.065,0.005,0,0,1
FL,32854,ORANGE,0.06,0.065,0.005,0,0,1
FL,32855,ORANGE,0.06,0.065,0.005,0,0,1
FL,32856,ORANGE,0.06,0.065,0.005,0,0,1
FL,32857,ORANGE,0.06,0.065,0.005,0,0,1
FL,32858,ORANGE,0.06,0.065,0.005,0,0,1
FL,32859,ORANGE,0.06,0.065,0.005,0,0,1
FL,32860,ORANGE,0.06,0.065,0.005,0,0,1
FL,32861,ORANGE,0.06,0.065,0.005,0,0,1
FL,32862,ORANGE,0.06,0.065,0.005,0,0,1
FL,32867,ORANGE,0.06,0.065,0.005,0,0,1
FL,32868,ORANGE,0.06,0.065,0.005,0,0,1
FL,32869,ORANGE,0.06,0.065,0.005,0,0,1
FL,32872,ORANGE,0.06,0.065,0.005,0,0,1
FL,32877,ORANGE,0.06,0.065,0.005,0,0,1
FL,32878,ORANGE,0.06,0.065,0.005,0,0,1
FL,32885,ORANGE,0.06,0.065,0.005,0,0,1
FL,32886,ORANGE,0.06,0.065,0.005,0,0,1
FL,32887,ORANGE,0.06,0.065,0.005,0,0,1
FL,32890,ORANGE,0.06,0.065,0.005,0,0,1
FL,32891,ORANGE,0.06,0.065,0.005,0,0,1
FL,32893,ORANGE,0.06,0.065,0.005,0,0,1
FL,32896,ORANGE,0.06,0.065,0.005,0,0,1
FL,32897,ORANGE,0.06,0.065,0.005,0,0,1
FL,32898,ORANGE,0.06,0.065,0.005,0,0,1
FL,32173,VOLUSIA,0.06,0.065,0.005,0,0,1
FL,32174,VOLUSIA,0.06,0.065,0.005,0,0,1
FL,32175,VOLUSIA,0.06,0.065,0.005,0,0,1
FL,32176,VOLUSIA,0.06,0.065,0.005,0,0,1
FL,34229,SARASOTA,0.06,0.07,0.01,0,0,1
FL,32764,VOLUSIA,0.06,0.065,0.005,0,0,1
FL,32683,LEVY,0.06,0.07,0.01,0,0,1
FL,32762,SEMINOLE,0.06,0.07,0.01,0,0,1
FL,32765,SEMINOLE,0.06,0.07,0.01,0,0,1
FL,32766,SEMINOLE,0.06,0.07,0.01,0,0,1
FL,34484,SUMTER,0.06,0.07,0.01,0,0,1
FL,34660,PINELLAS,0.06,0.07,0.01,0,0,1
FL,33476,PALM BEACH,0.06,0.06,0,0,0,1
FL,32767,LAKE,0.06,0.07,0.01,0,0,1
FL,32177,PUTNAM,0.06,0.07,0.01,0,0,1
FL,32178,PUTNAM,0.06,0.07,0.01,0,0,1
FL,32905,BREVARD,0.06,0.065,0.005,0,0,1
FL,32906,BREVARD,0.06,0.065,0.005,0,0,1
FL,32907,BREVARD,0.06,0.065,0.005,0,0,1
FL,32908,BREVARD,0.06,0.065,0.005,0,0,1
FL,32909,BREVARD,0.06,0.065,0.005,0,0,1
FL,32910,BREVARD,0.06,0.065,0.005,0,0,1
FL,32911,BREVARD,0.06,0.065,0.005,0,0,1
FL,33480,PALM BEACH,0.06,0.06,0,0,0,1
FL,33410,PALM BEACH,0.06,0.06,0,0,0,1
FL,33418,PALM BEACH,0.06,0.06,0,0,0,1
FL,34990,MARTIN,0.06,0.06,0,0,0,1
FL,34991,MARTIN,0.06,0.06,0,0,0,1
FL,32135,FLAGLER,0.06,0.07,0.01,0,0,1
FL,32137,FLAGLER,0.06,0.07,0.01,0,0,1
FL,32142,FLAGLER,0.06,0.07,0.01,0,0,1
FL,32164,FLAGLER,0.06,0.07,0.01,0,0,1
FL,34682,PINELLAS,0.06,0.07,0.01,0,0,1
FL,34683,PINELLAS,0.06,0.07,0.01,0,0,1
FL,34684,PINELLAS,0.06,0.07,0.01,0,0,1
FL,34685,PINELLAS,0.06,0.07,0.01,0,0,1
FL,33944,GLADES,0.06,0.07,0.01,0,0,1
FL,34220,MANATEE,0.06,0.065,0.005,0,0,1
FL,34221,MANATEE,0.06,0.065,0.005,0,0,1
FL,32346,WAKULLA,0.06,0.07,0.01,0,0,1
FL,32401,BAY,0.06,0.065,0.005,0,0,1
FL,32402,BAY,0.06,0.065,0.005,0,0,1
FL,32403,BAY,0.06,0.065,0.005,0,0,1
FL,32404,BAY,0.06,0.065,0.005,0,0,1
FL,32405,BAY,0.06,0.065,0.005,0,0,1
FL,32406,BAY,0.06,0.065,0.005,0,0,1
FL,32408,BAY,0.06,0.065,0.005,0,0,1
FL,32409,BAY,0.06,0.065,0.005,0,0,1
FL,32411,BAY,0.06,0.065,0.005,0,0,1
FL,32412,BAY,0.06,0.065,0.005,0,0,1
FL,32417,BAY,0.06,0.065,0.005,0,0,1
FL,32407,BAY,0.06,0.065,0.005,0,0,1
FL,32413,BAY,0.06,0.065,0.005,0,0,1
FL,34219,MANATEE,0.06,0.065,0.005,0,0,1
FL,32925,BREVARD,0.06,0.065,0.005,0,0,1
FL,32538,WALTON,0.06,0.07,0.01,0,0,1
FL,33082,BROWARD,0.06,0.06,0,0,0,1
FL,32079,CLAY,0.06,0.07,0.01,0,0,1
FL,32501,ESCAMBIA,0.06,0.075,0.015,0,0,1
FL,32502,ESCAMBIA,0.06,0.075,0.015,0,0,1
FL,32503,ESCAMBIA,0.06,0.075,0.015,0,0,1
FL,32504,ESCAMBIA,0.06,0.075,0.015,0,0,1
FL,32505,ESCAMBIA,0.06,0.075,0.015,0,0,1
FL,32506,ESCAMBIA,0.06,0.075,0.015,0,0,1
FL,32507,ESCAMBIA,0.06,0.075,0.015,0,0,1
FL,32508,ESCAMBIA,0.06,0.075,0.015,0,0,1
FL,32509,ESCAMBIA,0.06,0.075,0.015,0,0,1
FL,32511,ESCAMBIA,0.06,0.075,0.015,0,0,1
FL,32512,ESCAMBIA,0.06,0.075,0.015,0,0,1
FL,32513,ESCAMBIA,0.06,0.075,0.015,0,0,1
FL,32514,ESCAMBIA,0.06,0.075,0.015,0,0,1
FL,32516,ESCAMBIA,0.06,0.075,0.015,0,0,1
FL,32520,ESCAMBIA,0.06,0.075,0.015,0,0,1
FL,32521,ESCAMBIA,0.06,0.075,0.015,0,0,1
FL,32522,ESCAMBIA,0.06,0.075,0.015,0,0,1
FL,32523,ESCAMBIA,0.06,0.075,0.015,0,0,1
FL,32524,ESCAMBIA,0.06,0.075,0.015,0,0,1
FL,32526,ESCAMBIA,0.06,0.075,0.015,0,0,1
FL,32534,ESCAMBIA,0.06,0.075,0.015,0,0,1
FL,32559,ESCAMBIA,0.06,0.075,0.015,0,0,1
FL,32590,ESCAMBIA,0.06,0.075,0.015,0,0,1
FL,32591,ESCAMBIA,0.06,0.075,0.015,0,0,1
FL,32592,ESCAMBIA,0.06,0.075,0.015,0,0,1
FL,32347,TAYLOR,0.06,0.07,0.01,0,0,1
FL,32348,TAYLOR,0.06,0.07,0.01,0,0,1
FL,32180,VOLUSIA,0.06,0.065,0.005,0,0,1
FL,33945,LEE,0.06,0.06,0,0,0,1
FL,33780,PINELLAS,0.06,0.07,0.01,0,0,1
FL,33781,PINELLAS,0.06,0.07,0.01,0,0,1
FL,33782,PINELLAS,0.06,0.07,0.01,0,0,1
FL,32350,MADISON,0.06,0.075,0.015,0,0,1
FL,33946,CHARLOTTE,0.06,0.07,0.01,0,0,1
FL,33563,HILLSBOROUGH,0.06,0.07,0.01,0,0,1
FL,33564,HILLSBOROUGH,0.06,0.07,0.01,0,0,1
FL,33565,HILLSBOROUGH,0.06,0.07,0.01,0,0,1
FL,33566,HILLSBOROUGH,0.06,0.07,0.01,0,0,1
FL,33567,HILLSBOROUGH,0.06,0.07,0.01,0,0,1
FL,32768,ORANGE,0.06,0.065,0.005,0,0,1
FL,32454,WALTON,0.06,0.07,0.01,0,0,1
FL,33868,POLK,0.06,0.07,0.01,0,0,1
FL,32181,PUTNAM,0.06,0.07,0.01,0,0,1
FL,33060,BROWARD,0.06,0.06,0,0,0,1
FL,33061,BROWARD,0.06,0.06,0,0,0,1
FL,33062,BROWARD,0.06,0.06,0,0,0,1
FL,33063,BROWARD,0.06,0.06,0,0,0,1
FL,33064,BROWARD,0.06,0.06,0,0,0,1
FL,33065,BROWARD,0.06,0.06,0,0,0,1
FL,33066,BROWARD,0.06,0.06,0,0,0,1
FL,33067,BROWARD,0.06,0.06,0,0,0,1
FL,33068,BROWARD,0.06,0.06,0,0,0,1
FL,33069,BROWARD,0.06,0.06,0,0,0,1
FL,33071,BROWARD,0.06,0.06,0,0,0,1
FL,33072,BROWARD,0.06,0.06,0,0,0,1
FL,33073,BROWARD,0.06,0.06,0,0,0,1
FL,33074,BROWARD,0.06,0.06,0,0,0,1
FL,33075,BROWARD,0.06,0.06,0,0,0,1
FL,33076,BROWARD,0.06,0.06,0,0,0,1
FL,33077,BROWARD,0.06,0.06,0,0,0,1
FL,33093,BROWARD,0.06,0.06,0,0,0,1
FL,33097,BROWARD,0.06,0.06,0,0,0,1
FL,32455,WALTON,0.06,0.07,0.01,0,0,1
FL,32081,ST JOHNS,0.06,0.065,0.005,0,0,1
FL,32004,ST JOHNS,0.06,0.065,0.005,0,0,1
FL,32082,ST JOHNS,0.06,0.065,0.005,0,0,1
FL,33948,CHARLOTTE,0.06,0.07,0.01,0,0,1
FL,33949,CHARLOTTE,0.06,0.07,0.01,0,0,1
FL,33952,CHARLOTTE,0.06,0.07,0.01,0,0,1
FL,33953,CHARLOTTE,0.06,0.07,0.01,0,0,1
FL,33954,CHARLOTTE,0.06,0.07,0.01,0,0,1
FL,33980,CHARLOTTE,0.06,0.07,0.01,0,0,1
FL,33981,CHARLOTTE,0.06,0.07,0.01,0,0,1
FL,32123,VOLUSIA,0.06,0.065,0.005,0,0,1
FL,32127,VOLUSIA,0.06,0.065,0.005,0,0,1
FL,32128,VOLUSIA,0.06,0.065,0.005,0,0,1
FL,32129,VOLUSIA,0.06,0.065,0.005,0,0,1
FL,34668,PASCO,0.06,0.07,0.01,0,0,1
FL,34673,PASCO,0.06,0.07,0.01,0,0,1
FL,32456,GULF,0.06,0.07,0.01,0,0,1
FL,32457,GULF,0.06,0.07,0.01,0,0,1
FL,34952,ST LUCIE,0.06,0.065,0.005,0,0,1
FL,34953,ST LUCIE,0.06,0.065,0.005,0,0,1
FL,34983,ST LUCIE,0.06,0.065,0.005,0,0,1
FL,34984,ST LUCIE,0.06,0.065,0.005,0,0,1
FL,34985,ST LUCIE,0.06,0.065,0.005,0,0,1
FL,34986,ST LUCIE,0.06,0.065,0.005,0,0,1
FL,34987,ST LUCIE,0.06,0.065,0.005,0,0,1
FL,34988,ST LUCIE,0.06,0.065,0.005,0,0,1
FL,34992,MARTIN,0.06,0.06,0,0,0,1
FL,33950,CHARLOTTE,0.06,0.07,0.01,0,0,1
FL,33951,CHARLOTTE,0.06,0.07,0.01,0,0,1
FL,33955,CHARLOTTE,0.06,0.07,0.01,0,0,1
FL,33982,CHARLOTTE,0.06,0.07,0.01,0,0,1
FL,33983,CHARLOTTE,0.06,0.07,0.01,0,0,1
FL,32185,PUTNAM,0.06,0.07,0.01,0,0,1
FL,32351,GADSDEN,0.06,0.075,0.015,0,0,1
FL,32352,GADSDEN,0.06,0.075,0.015,0,0,1
FL,32353,GADSDEN,0.06,0.075,0.015,0,0,1
FL,32026,UNION,0.06,0.07,0.01,0,0,1
FL,32083,UNION,0.06,0.07,0.01,0,0,1
FL,32686,MARION,0.06,0.06,0,0,0,1
FL,33867,POLK,0.06,0.07,0.01,0,0,1
FL,33568,HILLSBOROUGH,0.06,0.07,0.01,0,0,1
FL,33569,HILLSBOROUGH,0.06,0.07,0.01,0,0,1
FL,32955,BREVARD,0.06,0.065,0.005,0,0,1
FL,32956,BREVARD,0.06,0.065,0.005,0,0,1
FL,32957,INDIAN RIVER,0.06,0.07,0.01,0,0,1
FL,32461,WALTON,0.06,0.07,0.01,0,0,1
FL,33947,CHARLOTTE,0.06,0.07,0.01,0,0,1
FL,33570,HILLSBOROUGH,0.06,0.07,0.01,0,0,1
FL,33575,HILLSBOROUGH,0.06,0.07,0.01,0,0,1
FL,34695,PINELLAS,0.06,0.07,0.01,0,0,1
FL,32080,ST JOHNS,0.06,0.065,0.005,0,0,1
FL,32084,ST JOHNS,0.06,0.065,0.005,0,0,1
FL,32085,ST JOHNS,0.06,0.065,0.005,0,0,1
FL,32086,ST JOHNS,0.06,0.065,0.005,0,0,1
FL,32092,ST JOHNS,0.06,0.065,0.005,0,0,1
FL,32095,ST JOHNS,0.06,0.065,0.005,0,0,1
FL,34769,OSCEOLA,0.06,0.07,0.01,0,0,1
FL,34770,OSCEOLA,0.06,0.07,0.01,0,0,1
FL,34771,OSCEOLA,0.06,0.07,0.01,0,0,1
FL,34772,OSCEOLA,0.06,0.07,0.01,0,0,1
FL,34773,OSCEOLA,0.06,0.07,0.01,0,0,1
FL,33956,LEE,0.06,0.06,0,0,0,1
FL,32259,ST JOHNS,0.06,0.065,0.005,0,0,1
FL,33574,PASCO,0.06,0.07,0.01,0,0,1
FL,32355,WAKULLA,0.06,0.07,0.01,0,0,1
FL,33701,PINELLAS,0.06,0.07,0.01,0,0,1
FL,33702,PINELLAS,0.06,0.07,0.01,0,0,1
FL,33703,PINELLAS,0.06,0.07,0.01,0,0,1
FL,33704,PINELLAS,0.06,0.07,0.01,0,0,1
FL,33705,PINELLAS,0.06,0.07,0.01,0,0,1
FL,33706,PINELLAS,0.06,0.07,0.01,0,0,1
FL,33707,PINELLAS,0.06,0.07,0.01,0,0,1
FL,33708,PINELLAS,0.06,0.07,0.01,0,0,1
FL,33709,PINELLAS,0.06,0.07,0.01,0,0,1
FL,33710,PINELLAS,0.06,0.07,0.01,0,0,1
FL,33711,PINELLAS,0.06,0.07,0.01,0,0,1
FL,33712,PINELLAS,0.06,0.07,0.01,0,0,1
FL,33713,PINELLAS,0.06,0.07,0.01,0,0,1
FL,33714,PINELLAS,0.06,0.07,0.01,0,0,1
FL,33715,PINELLAS,0.06,0.07,0.01,0,0,1
FL,33716,PINELLAS,0.06,0.07,0.01,0,0,1
FL,33729,PINELLAS,0.06,0.07,0.01,0,0,1
FL,33730,PINELLAS,0.06,0.07,0.01,0,0,1
FL,33731,PINELLAS,0.06,0.07,0.01,0,0,1
FL,33732,PINELLAS,0.06,0.07,0.01,0,0,1
FL,33733,PINELLAS,0.06,0.07,0.01,0,0,1
FL,33734,PINELLAS,0.06,0.07,0.01,0,0,1
FL,33736,PINELLAS,0.06,0.07,0.01,0,0,1
FL,33737,PINELLAS,0.06,0.07,0.01,0,0,1
FL,33738,PINELLAS,0.06,0.07,0.01,0,0,1
FL,33740,PINELLAS,0.06,0.07,0.01,0,0,1
FL,33741,PINELLAS,0.06,0.07,0.01,0,0,1
FL,33742,PINELLAS,0.06,0.07,0.01,0,0,1
FL,33743,PINELLAS,0.06,0.07,0.01,0,0,1
FL,33747,PINELLAS,0.06,0.07,0.01,0,0,1
FL,33784,PINELLAS,0.06,0.07,0.01,0,0,1
FL,32356,TAYLOR,0.06,0.07,0.01,0,0,1
FL,33576,PASCO,0.06,0.07,0.01,0,0,1
FL,32187,PUTNAM,0.06,0.07,0.01,0,0,1
FL,32087,BAKER,0.06,0.07,0.01,0,0,1
FL,32771,SEMINOLE,0.06,0.07,0.01,0,0,1
FL,32772,SEMINOLE,0.06,0.07,0.01,0,0,1
FL,32773,SEMINOLE,0.06,0.07,0.01,0,0,1
FL,33957,LEE,0.06,0.06,0,0,0,1
FL,32459,WALTON,0.06,0.07,0.01,0,0,1
FL,34243,MANATEE,0.06,0.065,0.005,0,0,1
FL,34260,MANATEE,0.06,0.065,0.005,0,0,1
FL,34230,SARASOTA,0.06,0.07,0.01,0,0,1
FL,34231,SARASOTA,0.06,0.07,0.01,0,0,1
FL,34232,SARASOTA,0.06,0.07,0.01,0,0,1
FL,34233,SARASOTA,0.06,0.07,0.01,0,0,1
FL,34234,SARASOTA,0.06,0.07,0.01,0,0,1
FL,34235,SARASOTA,0.06,0.07,0.01,0,0,1
FL,34236,SARASOTA,0.06,0.07,0.01,0,0,1
FL,34237,SARASOTA,0.06,0.07,0.01,0,0,1
FL,34238,SARASOTA,0.06,0.07,0.01,0,0,1
FL,34239,SARASOTA,0.06,0.07,0.01,0,0,1
FL,34240,SARASOTA,0.06,0.07,0.01,0,0,1
FL,34241,SARASOTA,0.06,0.07,0.01,0,0,1
FL,34242,SARASOTA,0.06,0.07,0.01,0,0,1
FL,34276,SARASOTA,0.06,0.07,0.01,0,0,1
FL,34277,SARASOTA,0.06,0.07,0.01,0,0,1
FL,34278,SARASOTA,0.06,0.07,0.01,0,0,1
FL,32937,BREVARD,0.06,0.065,0.005,0,0,1
FL,32189,PUTNAM,0.06,0.07,0.01,0,0,1
FL,32775,BREVARD,0.06,0.065,0.005,0,0,1
FL,32976,BREVARD,0.06,0.065,0.005,0,0,1
FL,32958,INDIAN RIVER,0.06,0.07,0.01,0,0,1
FL,32978,INDIAN RIVER,0.06,0.07,0.01,0,0,1
FL,33870,HIGHLANDS,0.06,0.07,0.01,0,0,1
FL,33871,HIGHLANDS,0.06,0.07,0.01,0,0,1
FL,33872,HIGHLANDS,0.06,0.07,0.01,0,0,1
FL,33875,HIGHLANDS,0.06,0.07,0.01,0,0,1
FL,33876,HIGHLANDS,0.06,0.07,0.01,0,0,1
FL,33583,HILLSBOROUGH,0.06,0.07,0.01,0,0,1
FL,33584,HILLSBOROUGH,0.06,0.07,0.01,0,0,1
FL,33772,PINELLAS,0.06,0.07,0.01,0,0,1
FL,33775,PINELLAS,0.06,0.07,0.01,0,0,1
FL,33776,PINELLAS,0.06,0.07,0.01,0,0,1
FL,33777,PINELLAS,0.06,0.07,0.01,0,0,1
FL,32190,VOLUSIA,0.06,0.065,0.005,0,0,1
FL,32357,TAYLOR,0.06,0.07,0.01,0,0,1
FL,32579,OKALOOSA,0.06,0.06,0,0,0,1
FL,32959,BREVARD,0.06,0.065,0.005,0,0,1
FL,34488,MARION,0.06,0.06,0,0,0,1
FL,34489,MARION,0.06,0.06,0,0,0,1
FL,32460,JACKSON,0.06,0.075,0.015,0,0,1
FL,32358,WAKULLA,0.06,0.07,0.01,0,0,1
FL,32776,LAKE,0.06,0.07,0.01,0,0,1
FL,33493,PALM BEACH,0.06,0.06,0,0,0,1
FL,32192,MARION,0.06,0.06,0,0,0,1
FL,34606,HERNANDO,0.06,0.065,0.005,0,0,1
FL,34607,HERNANDO,0.06,0.065,0.005,0,0,1
FL,34608,HERNANDO,0.06,0.065,0.005,0,0,1
FL,34609,HERNANDO,0.06,0.065,0.005,0,0,1
FL,34611,HERNANDO,0.06,0.065,0.005,0,0,1
FL,34610,PASCO,0.06,0.07,0.01,0,0,1
FL,32091,BRADFORD,0.06,0.07,0.01,0,0,1
FL,32359,TAYLOR,0.06,0.07,0.01,0,0,1
FL,34994,MARTIN,0.06,0.06,0,0,0,1
FL,34995,MARTIN,0.06,0.06,0,0,0,1
FL,34996,MARTIN,0.06,0.06,0,0,0,1
FL,34997,MARTIN,0.06,0.06,0,0,0,1
FL,32335,LIBERTY,0.06,0.075,0.015,0,0,1
FL,34491,MARION,0.06,0.06,0,0,0,1
FL,34492,MARION,0.06,0.06,0,0,0,1
FL,33042,MONROE,0.06,0.075,0.015,0,0,1
FL,33585,SUMTER,0.06,0.07,0.01,0,0,1
FL,33586,HILLSBOROUGH,0.06,0.07,0.01,0,0,1
FL,33571,HILLSBOROUGH,0.06,0.07,0.01,0,0,1
FL,33573,HILLSBOROUGH,0.06,0.07,0.01,0,0,1
FL,32692,DIXIE,0.06,0.07,0.01,0,0,1
FL,33587,HILLSBOROUGH,0.06,0.07,0.01,0,0,1
FL,32301,LEON,0.06,0.075,0.015,0,0,1
FL,32302,LEON,0.06,0.075,0.015,0,0,1
FL,32303,LEON,0.06,0.075,0.015,0,0,1
FL,32304,LEON,0.06,0.075,0.015,0,0,1
FL,32305,LEON,0.06,0.075,0.015,0,0,1
FL,32306,LEON,0.06,0.075,0.015,0,0,1
FL,32307,LEON,0.06,0.075,0.015,0,0,1
FL,32308,LEON,0.06,0.075,0.015,0,0,1
FL,32309,LEON,0.06,0.075,0.015,0,0,1
FL,32310,LEON,0.06,0.075,0.015,0,0,1
FL,32311,LEON,0.06,0.075,0.015,0,0,1
FL,32312,LEON,0.06,0.075,0.015,0,0,1
FL,32313,LEON,0.06,0.075,0.015,0,0,1
FL,32314,LEON,0.06,0.075,0.015,0,0,1
FL,32315,LEON,0.06,0.075,0.015,0,0,1
FL,32316,LEON,0.06,0.075,0.015,0,0,1
FL,32317,LEON,0.06,0.075,0.015,0,0,1
FL,32318,LEON,0.06,0.075,0.015,0,0,1
FL,32395,LEON,0.06,0.075,0.015,0,0,1
FL,32399,LEON,0.06,0.075,0.015,0,0,1
FL,34270,MANATEE,0.06,0.065,0.005,0,0,1
FL,33601,HILLSBOROUGH,0.06,0.07,0.01,0,0,1
FL,33602,HILLSBOROUGH,0.06,0.07,0.01,0,0,1
FL,33603,HILLSBOROUGH,0.06,0.07,0.01,0,0,1
FL,33604,HILLSBOROUGH,0.06,0.07,0.01,0,0,1
FL,33605,HILLSBOROUGH,0.06,0.07,0.01,0,0,1
FL,33606,HILLSBOROUGH,0.06,0.07,0.01,0,0,1
FL,33607,HILLSBOROUGH,0.06,0.07,0.01,0,0,1
FL,33608,HILLSBOROUGH,0.06,0.07,0.01,0,0,1
FL,33609,HILLSBOROUGH,0.06,0.07,0.01,0,0,1
FL,33610,HILLSBOROUGH,0.06,0.07,0.01,0,0,1
FL,33611,HILLSBOROUGH,0.06,0.07,0.01,0,0,1
FL,33612,HILLSBOROUGH,0.06,0.07,0.01,0,0,1
FL,33613,HILLSBOROUGH,0.06,0.07,0.01,0,0,1
FL,33614,HILLSBOROUGH,0.06,0.07,0.01,0,0,1
FL,33615,HILLSBOROUGH,0.06,0.07,0.01,0,0,1
FL,33616,HILLSBOROUGH,0.06,0.07,0.01,0,0,1
FL,33617,HILLSBOROUGH,0.06,0.07,0.01,0,0,1
FL,33618,HILLSBOROUGH,0.06,0.07,0.01,0,0,1
FL,33619,HILLSBOROUGH,0.06,0.07,0.01,0,0,1
FL,33620,HILLSBOROUGH,0.06,0.07,0.01,0,0,1
FL,33621,HILLSBOROUGH,0.06,0.07,0.01,0,0,1
FL,33622,HILLSBOROUGH,0.06,0.07,0.01,0,0,1
FL,33623,HILLSBOROUGH,0.06,0.07,0.01,0,0,1
FL,33624,HILLSBOROUGH,0.06,0.07,0.01,0,0,1
FL,33625,HILLSBOROUGH,0.06,0.07,0.01,0,0,1
FL,33626,HILLSBOROUGH,0.06,0.07,0.01,0,0,1
FL,33629,HILLSBOROUGH,0.06,0.07,0.01,0,0,1
FL,33630,HILLSBOROUGH,0.06,0.07,0.01,0,0,1
FL,33631,HILLSBOROUGH,0.06,0.07,0.01,0,0,1
FL,33633,HILLSBOROUGH,0.06,0.07,0.01,0,0,1
FL,33634,HILLSBOROUGH,0.06,0.07,0.01,0,0,1
FL,33635,HILLSBOROUGH,0.06,0.07,0.01,0,0,1
FL,33637,HILLSBOROUGH,0.06,0.07,0.01,0,0,1
FL,33647,HILLSBOROUGH,0.06,0.07,0.01,0,0,1
FL,33650,HILLSBOROUGH,0.06,0.07,0.01,0,0,1
FL,33651,HILLSBOROUGH,0.06,0.07,0.01,0,0,1
FL,33655,HILLSBOROUGH,0.06,0.07,0.01,0,0,1
FL,33660,HILLSBOROUGH,0.06,0.07,0.01,0,0,1
FL,33661,HILLSBOROUGH,0.06,0.07,0.01,0,0,1
FL,33662,HILLSBOROUGH,0.06,0.07,0.01,0,0,1
FL,33663,HILLSBOROUGH,0.06,0.07,0.01,0,0,1
FL,33664,HILLSBOROUGH,0.06,0.07,0.01,0,0,1
FL,33672,HILLSBOROUGH,0.06,0.07,0.01,0,0,1
FL,33673,HILLSBOROUGH,0.06,0.07,0.01,0,0,1
FL,33674,HILLSBOROUGH,0.06,0.07,0.01,0,0,1
FL,33675,HILLSBOROUGH,0.06,0.07,0.01,0,0,1
FL,33677,HILLSBOROUGH,0.06,0.07,0.01,0,0,1
FL,33679,HILLSBOROUGH,0.06,0.07,0.01,0,0,1
FL,33680,HILLSBOROUGH,0.06,0.07,0.01,0,0,1
FL,33681,HILLSBOROUGH,0.06,0.07,0.01,0,0,1
FL,33682,HILLSBOROUGH,0.06,0.07,0.01,0,0,1
FL,33684,HILLSBOROUGH,0.06,0.07,0.01,0,0,1
FL,33685,HILLSBOROUGH,0.06,0.07,0.01,0,0,1
FL,33686,HILLSBOROUGH,0.06,0.07,0.01,0,0,1
FL,33687,HILLSBOROUGH,0.06,0.07,0.01,0,0,1
FL,33688,HILLSBOROUGH,0.06,0.07,0.01,0,0,1
FL,33689,HILLSBOROUGH,0.06,0.07,0.01,0,0,1
FL,33690,HILLSBOROUGH,0.06,0.07,0.01,0,0,1
FL,33694,HILLSBOROUGH,0.06,0.07,0.01,0,0,1
FL,33697,HILLSBOROUGH,0.06,0.07,0.01,0,0,1
FL,32777,ORANGE,0.06,0.065,0.005,0,0,1
FL,34688,PINELLAS,0.06,0.07,0.01,0,0,1
FL,34689,PINELLAS,0.06,0.07,0.01,0,0,1
FL,32778,LAKE,0.06,0.07,0.01,0,0,1
FL,33070,MONROE,0.06,0.075,0.015,0,0,1
FL,32360,LIBERTY,0.06,0.075,0.015,0,0,1
FL,34250,MANATEE,0.06,0.065,0.005,0,0,1
FL,33592,HILLSBOROUGH,0.06,0.07,0.01,0,0,1
FL,32780,BREVARD,0.06,0.065,0.005,0,0,1
FL,32781,BREVARD,0.06,0.065,0.005,0,0,1
FL,32782,BREVARD,0.06,0.065,0.005,0,0,1
FL,32783,BREVARD,0.06,0.065,0.005,0,0,1
FL,32796,BREVARD,0.06,0.065,0.005,0,0,1
FL,32693,GILCHRIST,0.06,0.07,0.01,0,0,1
FL,33593,PASCO,0.06,0.07,0.01,0,0,1
FL,32784,LAKE,0.06,0.07,0.01,0,0,1
FL,32580,OKALOOSA,0.06,0.06,0,0,0,1
FL,33594,HILLSBOROUGH,0.06,0.07,0.01,0,0,1
FL,33595,HILLSBOROUGH,0.06,0.07,0.01,0,0,1
FL,34107,COLLIER,0.06,0.06,0,0,0,1
FL,34284,SARASOTA,0.06,0.07,0.01,0,0,1
FL,34285,SARASOTA,0.06,0.07,0.01,0,0,1
FL,34292,SARASOTA,0.06,0.07,0.01,0,0,1
FL,34293,SARASOTA,0.06,0.07,0.01,0,0,1
FL,33960,HIGHLANDS,0.06,0.07,0.01,0,0,1
FL,32462,WASHINGTON,0.06,0.07,0.01,0,0,1
FL,32960,INDIAN RIVER,0.06,0.07,0.01,0,0,1
FL,32961,INDIAN RIVER,0.06,0.07,0.01,0,0,1
FL,32962,INDIAN RIVER,0.06,0.07,0.01,0,0,1
FL,32963,INDIAN RIVER,0.06,0.07,0.01,0,0,1
FL,32964,INDIAN RIVER,0.06,0.07,0.01,0,0,1
FL,32965,INDIAN RIVER,0.06,0.07,0.01,0,0,1
FL,32966,INDIAN RIVER,0.06,0.07,0.01,0,0,1
FL,32967,INDIAN RIVER,0.06,0.07,0.01,0,0,1
FL,32968,INDIAN RIVER,0.06,0.07,0.01,0,0,1
FL,32969,INDIAN RIVER,0.06,0.07,0.01,0,0,1
FL,32970,INDIAN RIVER,0.06,0.07,0.01,0,0,1
FL,32361,JEFFERSON,0.06,0.07,0.01,0,0,1
FL,32694,ALACHUA,0.06,0.06,0,0,0,1
FL,33873,HARDEE,0.06,0.07,0.01,0,0,1
FL,32463,WASHINGTON,0.06,0.07,0.01,0,0,1
FL,33877,POLK,0.06,0.07,0.01,0,0,1
FL,33597,SUMTER,0.06,0.07,0.01,0,0,1
FL,32195,MARION,0.06,0.06,0,0,0,1
FL,32193,PUTNAM,0.06,0.07,0.01,0,0,1
FL,32094,SUWANNEE,0.06,0.07,0.01,0,0,1
FL,33543,PASCO,0.06,0.07,0.01,0,0,1
FL,33544,PASCO,0.06,0.07,0.01,0,0,1
FL,33401,PALM BEACH,0.06,0.06,0,0,0,1
FL,33402,PALM BEACH,0.06,0.06,0,0,0,1
FL,33403,PALM BEACH,0.06,0.06,0,0,0,1
FL,33404,PALM BEACH,0.06,0.06,0,0,0,1
FL,33405,PALM BEACH,0.06,0.06,0,0,0,1
FL,33406,PALM BEACH,0.06,0.06,0,0,0,1
FL,33407,PALM BEACH,0.06,0.06,0,0,0,1
FL,33409,PALM BEACH,0.06,0.06,0,0,0,1
FL,33411,PALM BEACH,0.06,0.06,0,0,0,1
FL,33412,PALM BEACH,0.06,0.06,0,0,0,1
FL,33413,PALM BEACH,0.06,0.06,0,0,0,1
FL,33414,PALM BEACH,0.06,0.06,0,0,0,1
FL,33415,PALM BEACH,0.06,0.06,0,0,0,1
FL,33416,PALM BEACH,0.06,0.06,0,0,0,1
FL,33417,PALM BEACH,0.06,0.06,0,0,0,1
FL,33419,PALM BEACH,0.06,0.06,0,0,0,1
FL,33420,PALM BEACH,0.06,0.06,0,0,0,1
FL,33421,PALM BEACH,0.06,0.06,0,0,0,1
FL,33422,PALM BEACH,0.06,0.06,0,0,0,1
FL,32464,HOLMES,0.06,0.07,0.01,0,0,1
FL,32449,CALHOUN,0.06,0.075,0.015,0,0,1
FL,32465,GULF,0.06,0.07,0.01,0,0,1
FL,32096,HAMILTON,0.06,0.07,0.01,0,0,1
FL,34785,SUMTER,0.06,0.07,0.01,0,0,1
FL,32696,LEVY,0.06,0.07,0.01,0,0,1
FL,33598,HILLSBOROUGH,0.06,0.07,0.01,0,0,1
FL,34786,ORANGE,0.06,0.065,0.005,0,0,1
FL,32971,INDIAN RIVER,0.06,0.07,0.01,0,0,1
FL,34777,ORANGE,0.06,0.065,0.005,0,0,1
FL,34778,ORANGE,0.06,0.065,0.005,0,0,1
FL,34787,ORANGE,0.06,0.065,0.005,0,0,1
FL,33880,POLK,0.06,0.07,0.01,0,0,1
FL,33881,POLK,0.06,0.07,0.01,0,0,1
FL,33882,POLK,0.06,0.07,0.01,0,0,1
FL,33883,POLK,0.06,0.07,0.01,0,0,1
FL,33884,POLK,0.06,0.07,0.01,0,0,1
FL,33885,POLK,0.06,0.07,0.01,0,0,1
FL,33888,POLK,0.06,0.07,0.01,0,0,1
FL,32789,ORANGE,0.06,0.065,0.005,0,0,1
FL,32790,ORANGE,0.06,0.065,0.005,0,0,1
FL,32792,ORANGE,0.06,0.065,0.005,0,0,1
FL,32793,ORANGE,0.06,0.065,0.005,0,0,1
FL,32708,SEMINOLE,0.06,0.07,0.01,0,0,1
FL,32719,SEMINOLE,0.06,0.07,0.01,0,0,1
FL,32362,LEON,0.06,0.075,0.015,0,0,1
FL,32697,UNION,0.06,0.07,0.01,0,0,1
FL,34797,LAKE,0.06,0.07,0.01,0,0,1
FL,34498,LEVY,0.06,0.07,0.01,0,0,1
FL,32466,BAY,0.06,0.065,0.005,0,0,1
FL,32041,NASSAU,0.06,0.07,0.01,0,0,1
FL,32097,NASSAU,0.06,0.07,0.01,0,0,1
FL,32798,ORANGE,0.06,0.065,0.005,0,0,1
FL,33539,PASCO,0.06,0.07,0.01,0,0,1
FL,33540,PASCO,0.06,0.07,0.01,0,0,1
FL,33541,PASCO,0.06,0.07,0.01,0,0,1
FL,33542,PASCO,0.06,0.07,0.01,0,0,1
FL,33890,HARDEE,0.06,0.07,0.01,0,0,1
