Zip/Postcode,City,Tax Name,Rate %,State Code
32601,Gainesville,ALACHUA,0.00%,FL
32602,Gainesville,ALACHUA,0.00%,FL
32603,Gainesville,ALACHUA,0.00%,FL
32604,Gainesville,ALACHUA,0.00%,FL
32605,Gainesville,ALACHUA,0.00%,FL
32606,Gainesville,ALACHUA,0.00%,FL
32607,Gainesville,ALACHUA,0.00%,FL
32608,Gainesville,ALACHUA,0.00%,FL
32609,Gainesville,ALACHUA,0.00%,FL
32610,Gainesville,ALACHUA,0.00%,FL
32611,Gainesville,ALACHUA,0.00%,FL
32612,Gainesville,ALACHUA,0.00%,FL
32613,Gainesville,ALACHUA,0.00%,FL
32614,Gainesville,ALACHUA,0.00%,FL
32615,Alachua,ALACHUA,0.00%,FL
32616,Alachua,ALACHUA,0.00%,FL
32618,Archer,ALACHUA,0.00%,FL
32627,Gainesville,ALACHUA,0.00%,FL
32631,Earleton,ALACHUA,0.00%,FL
32633,Evinston,ALACHUA,0.00%,FL
32635,Gainesville,ALACHUA,0.00%,FL
32640,Hawthorne,ALACHUA,0.00%,FL
32641,Gainesville,ALACHUA,0.00%,FL
32643,High Springs,ALACHUA,0.00%,FL
32653,Gainesville,ALACHUA,0.00%,FL
32654,Island Grove,ALACHUA,0.00%,FL
32655,High Springs,ALACHUA,0.00%,FL
32658,La Crosse,ALACHUA,0.00%,FL
32662,Lochloosa,ALACHUA,0.00%,FL
32667,Micanopy,ALACHUA,0.00%,FL
32669,Newberry,ALACHUA,0.00%,FL
32694,Waldo,ALACHUA,0.00%,FL
32040,Glen Saint Mary,BAKER,1.00%,FL
32063,Macclenny,BAKER,1.00%,FL
32072,Olustee,BAKER,1.00%,FL
32087,Sanderson,BAKER,1.00%,FL
32401,Panama City,BAY,0.50%,FL
32402,Panama City,BAY,0.50%,FL
32403,Panama City,BAY,0.50%,FL
32404,Panama City,BAY,0.50%,FL
32405,Panama City,BAY,0.50%,FL
32406,Panama City,BAY,0.50%,FL
32407,Panama City Beach,BAY,0.50%,FL
32408,Panama City,BAY,0.50%,FL
32409,Panama City,BAY,0.50%,FL
32410,Mexico Beach,BAY,0.50%,FL
32411,Panama City,BAY,0.50%,FL
32412,Panama City,BAY,0.50%,FL
32413,Panama City Beach,BAY,0.50%,FL
32417,Panama City,BAY,0.50%,FL
32438,Fountain,BAY,0.50%,FL
32444,Lynn Haven,BAY,0.50%,FL
32466,Youngstown,BAY,0.50%,FL
32042,Graham,BRADFORD,1.00%,FL
32044,Hampton,BRADFORD,1.00%,FL
32058,Lawtey,BRADFORD,1.00%,FL
32091,Starke,BRADFORD,1.00%,FL
32622,Brooker,BRADFORD,1.00%,FL
32754,Mims,BREVARD,0.50%,FL
32775,Scottsmoor,BREVARD,0.50%,FL
32780,Titusville,BREVARD,0.50%,FL
32781,Titusville,BREVARD,0.50%,FL
32782,Titusville,BREVARD,0.50%,FL
32783,Titusville,BREVARD,0.50%,FL
32796,Titusville,BREVARD,0.50%,FL
32815,Orlando,BREVARD,0.50%,FL
32899,Orlando,BREVARD,0.50%,FL
32901,Melbourne,BREVARD,0.50%,FL
32902,Melbourne,BREVARD,0.50%,FL
32903,Indialantic,BREVARD,0.50%,FL
32904,Melbourne,BREVARD,0.50%,FL
32905,Palm Bay,BREVARD,0.50%,FL
32906,Palm Bay,BREVARD,0.50%,FL
32907,Palm Bay,BREVARD,0.50%,FL
32908,Palm Bay,BREVARD,0.50%,FL
32909,Palm Bay,BREVARD,0.50%,FL
32910,Palm Bay,BREVARD,0.50%,FL
32911,Palm Bay,BREVARD,0.50%,FL
32912,Melbourne,BREVARD,0.50%,FL
32919,Melbourne,BREVARD,0.50%,FL
32920,Cape Canaveral,BREVARD,0.50%,FL
32922,Cocoa,BREVARD,0.50%,FL
32923,Cocoa,BREVARD,0.50%,FL
32924,Cocoa,BREVARD,0.50%,FL
32925,Patrick Afb,BREVARD,0.50%,FL
32926,Cocoa,BREVARD,0.50%,FL
32927,Cocoa,BREVARD,0.50%,FL
32931,Cocoa Beach,BREVARD,0.50%,FL
32932,Cocoa Beach,BREVARD,0.50%,FL
32934,Melbourne,BREVARD,0.50%,FL
32935,Melbourne,BREVARD,0.50%,FL
32936,Melbourne,BREVARD,0.50%,FL
32937,Satellite Beach,BREVARD,0.50%,FL
32940,Melbourne,BREVARD,0.50%,FL
32941,Melbourne,BREVARD,0.50%,FL
32949,Grant,BREVARD,0.50%,FL
32950,Malabar,BREVARD,0.50%,FL
32951,Melbourne Beach,BREVARD,0.50%,FL
32952,Merritt Island,BREVARD,0.50%,FL
32953,Merritt Island,BREVARD,0.50%,FL
32954,Merritt Island,BREVARD,0.50%,FL
32955,Rockledge,BREVARD,0.50%,FL
32956,Rockledge,BREVARD,0.50%,FL
32959,Sharpes,BREVARD,0.50%,FL
32976,Sebastian,BREVARD,0.50%,FL
33004,Dania,BROWARD,0.00%,FL
33008,Hallandale,BROWARD,0.00%,FL
33009,Hallandale,BROWARD,0.00%,FL
33019,Hollywood,BROWARD,0.00%,FL
33020,Hollywood,BROWARD,0.00%,FL
33021,Hollywood,BROWARD,0.00%,FL
33022,Hollywood,BROWARD,0.00%,FL
33023,Hollywood,BROWARD,0.00%,FL
33024,Hollywood,BROWARD,0.00%,FL
33025,Hollywood,BROWARD,0.00%,FL
33026,Hollywood,BROWARD,0.00%,FL
33027,Hollywood,BROWARD,0.00%,FL
33028,Hollywood,BROWARD,0.00%,FL
33029,Hollywood,BROWARD,0.00%,FL
33060,Pompano Beach,BROWARD,0.00%,FL
33061,Pompano Beach,BROWARD,0.00%,FL
33062,Pompano Beach,BROWARD,0.00%,FL
33063,Pompano Beach,BROWARD,0.00%,FL
33064,Pompano Beach,BROWARD,0.00%,FL
33065,Pompano Beach,BROWARD,0.00%,FL
33066,Pompano Beach,BROWARD,0.00%,FL
33067,Pompano Beach,BROWARD,0.00%,FL
33068,Pompano Beach,BROWARD,0.00%,FL
33069,Pompano Beach,BROWARD,0.00%,FL
33071,Pompano Beach,BROWARD,0.00%,FL
33072,Pompano Beach,BROWARD,0.00%,FL
33073,Pompano Beach,BROWARD,0.00%,FL
33074,Pompano Beach,BROWARD,0.00%,FL
33075,Pompano Beach,BROWARD,0.00%,FL
33076,Pompano Beach,BROWARD,0.00%,FL
33077,Pompano Beach,BROWARD,0.00%,FL
33081,Hollywood,BROWARD,0.00%,FL
33082,Pembroke Pines,BROWARD,0.00%,FL
33083,Hollywood,BROWARD,0.00%,FL
33084,Hollywood,BROWARD,0.00%,FL
33093,Coconut Creek,BROWARD,0.00%,FL
33093,Pompano Beach,BROWARD,0.00%,FL
33097,Pompano Beach,BROWARD,0.00%,FL
33301,Fort Lauderdale,BROWARD,0.00%,FL
33302,Fort Lauderdale,BROWARD,0.00%,FL
33303,Fort Lauderdale,BROWARD,0.00%,FL
33304,Fort Lauderdale,BROWARD,0.00%,FL
33305,Fort Lauderdale,BROWARD,0.00%,FL
33306,Fort Lauderdale,BROWARD,0.00%,FL
33307,Fort Lauderdale,BROWARD,0.00%,FL
33308,Fort Lauderdale,BROWARD,0.00%,FL
33309,Fort Lauderdale,BROWARD,0.00%,FL
33310,Fort Lauderdale,BROWARD,0.00%,FL
33311,Fort Lauderdale,BROWARD,0.00%,FL
33312,Fort Lauderdale,BROWARD,0.00%,FL
33313,Fort Lauderdale,BROWARD,0.00%,FL
33314,Fort Lauderdale,BROWARD,0.00%,FL
33315,Fort Lauderdale,BROWARD,0.00%,FL
33316,Fort Lauderdale,BROWARD,0.00%,FL
33317,Fort Lauderdale,BROWARD,0.00%,FL
33318,Fort Lauderdale,BROWARD,0.00%,FL
33319,Fort Lauderdale,BROWARD,0.00%,FL
33320,Fort Lauderdale,BROWARD,0.00%,FL
33321,Fort Lauderdale,BROWARD,0.00%,FL
33322,Fort Lauderdale,BROWARD,0.00%,FL
33323,Fort Lauderdale,BROWARD,0.00%,FL
33324,Fort Lauderdale,BROWARD,0.00%,FL
33325,Fort Lauderdale,BROWARD,0.00%,FL
33326,Fort Lauderdale,BROWARD,0.00%,FL
33327,Fort Lauderdale,BROWARD,0.00%,FL
33328,Fort Lauderdale,BROWARD,0.00%,FL
33329,Fort Lauderdale,BROWARD,0.00%,FL
33330,Fort Lauderdale,BROWARD,0.00%,FL
33331,Fort Lauderdale,BROWARD,0.00%,FL
33332,Fort Lauderdale,BROWARD,0.00%,FL
33334,Fort Lauderdale,BROWARD,0.00%,FL
33335,Fort Lauderdale,BROWARD,0.00%,FL
33336,Fort Lauderdale,BROWARD,0.00%,FL
33337,Fort Lauderdale,BROWARD,0.00%,FL
33338,Fort Lauderdale,BROWARD,0.00%,FL
33339,Fort Lauderdale,BROWARD,0.00%,FL
33340,Fort Lauderdale,BROWARD,0.00%,FL
33345,Fort Lauderdale,BROWARD,0.00%,FL
33346,Fort Lauderdale,BROWARD,0.00%,FL
33348,Fort Lauderdale,BROWARD,0.00%,FL
33349,Fort Lauderdale,BROWARD,0.00%,FL
33351,Fort Lauderdale,BROWARD,0.00%,FL
33355,Fort Lauderdale,BROWARD,0.00%,FL
33359,Fort Lauderdale,BROWARD,0.00%,FL
33388,Fort Lauderdale,BROWARD,0.00%,FL
33394,Fort Lauderdale,BROWARD,0.00%,FL
33441,Deerfield Beach,BROWARD,0.00%,FL
33442,Deerfield Beach,BROWARD,0.00%,FL
33443,Deerfield Beach,BROWARD,0.00%,FL
32421,Altha,CALHOUN,1.50%,FL
32424,Blountstown,CALHOUN,1.50%,FL
32430,Clarksville,CALHOUN,1.50%,FL
32449,Wewahitchka,CALHOUN,1.50%,FL
33927,El Jobean,CHARLOTTE,1.00%,FL
33938,Murdock,CHARLOTTE,1.00%,FL
33946,Placida,CHARLOTTE,1.00%,FL
33947,Rotonda West,CHARLOTTE,1.00%,FL
33948,Port Charlotte,CHARLOTTE,1.00%,FL
33949,Port Charlotte,CHARLOTTE,1.00%,FL
33950,Punta Gorda,CHARLOTTE,1.00%,FL
33951,Punta Gorda,CHARLOTTE,1.00%,FL
33952,Port Charlotte,CHARLOTTE,1.00%,FL
33953,Port Charlotte,CHARLOTTE,1.00%,FL
33954,Port Charlotte,CHARLOTTE,1.00%,FL
33955,Punta Gorda,CHARLOTTE,1.00%,FL
33980,Port Charlotte,CHARLOTTE,1.00%,FL
33981,Port Charlotte,CHARLOTTE,1.00%,FL
33982,Punta Gorda,CHARLOTTE,1.00%,FL
33983,Punta Gorda,CHARLOTTE,1.00%,FL
34224,Englewood,CHARLOTTE,1.00%,FL
34423,Crystal River,CITRUS,0.00%,FL
34428,Crystal River,CITRUS,0.00%,FL
34429,Crystal River,CITRUS,0.00%,FL
34433,Dunnellon,CITRUS,0.00%,FL
34434,Dunnellon,CITRUS,0.00%,FL
34436,Floral City,CITRUS,0.00%,FL
34442,Hernando,CITRUS,0.00%,FL
34445,Holder,CITRUS,0.00%,FL
34446,Homosassa,CITRUS,0.00%,FL
34447,Homosassa Springs,CITRUS,0.00%,FL
34448,Homosassa,CITRUS,0.00%,FL
34450,Inverness,CITRUS,0.00%,FL
34451,Inverness,CITRUS,0.00%,FL
34452,Inverness,CITRUS,0.00%,FL
34453,Inverness,CITRUS,0.00%,FL
34460,Lecanto,CITRUS,0.00%,FL
34461,Lecanto,CITRUS,0.00%,FL
34464,Beverly Hills,CITRUS,0.00%,FL
34465,Beverly Hills,CITRUS,0.00%,FL
34487,Homosassa,CITRUS,0.00%,FL
32003,Orange Park,CLAY,1.00%,FL
32006,Fleming Island,CLAY,1.00%,FL
32030,Doctors Inlet,CLAY,1.00%,FL
32043,Green Cove Springs,CLAY,1.00%,FL
32050,Middleburg,CLAY,1.00%,FL
32065,Orange Park,CLAY,1.00%,FL
32067,Orange Park,CLAY,1.00%,FL
32068,Middleburg,CLAY,1.00%,FL
32073,Orange Park,CLAY,1.00%,FL
32079,Penney Farms,CLAY,1.00%,FL
32160,Lake Geneva,CLAY,1.00%,FL
32656,Keystone Heights,CLAY,1.00%,FL
34101,Naples,COLLIER,0.00%,FL
34102,Naples,COLLIER,0.00%,FL
34103,Naples,COLLIER,0.00%,FL
34104,Naples,COLLIER,0.00%,FL
34105,Naples,COLLIER,0.00%,FL
34106,Naples,COLLIER,0.00%,FL
34107,Vanderbilt Beach,COLLIER,0.00%,FL
34108,Naples,COLLIER,0.00%,FL
34109,Naples,COLLIER,0.00%,FL
34110,Naples,COLLIER,0.00%,FL
34112,Naples,COLLIER,0.00%,FL
34113,Naples,COLLIER,0.00%,FL
34114,Naples,COLLIER,0.00%,FL
34116,Naples,COLLIER,0.00%,FL
34117,Naples,COLLIER,0.00%,FL
34119,Naples,COLLIER,0.00%,FL
34120,Naples,COLLIER,0.00%,FL
34137,Copeland,COLLIER,0.00%,FL
34138,Chokoloskee,COLLIER,0.00%,FL
34139,Everglades City,COLLIER,0.00%,FL
34140,Goodland,COLLIER,0.00%,FL
34142,Immokalee,COLLIER,0.00%,FL
34143,Immokalee,COLLIER,0.00%,FL
34145,Marco Island,COLLIER,0.00%,FL
34146,Marco Island,COLLIER,0.00%,FL
32024,Lake City,COLUMBIA,1.00%,FL
32025,Lake City,COLUMBIA,1.00%,FL
32038,Fort White,COLUMBIA,1.00%,FL
32055,Lake City,COLUMBIA,1.00%,FL
32056,Lake City,COLUMBIA,1.00%,FL
32061,Lulu,COLUMBIA,1.00%,FL
34265,Arcadia,DESOTO,1.50%,FL
34266,Arcadia,DESOTO,1.50%,FL
34267,Fort Ogden,DESOTO,1.50%,FL
34268,Nocatee,DESOTO,1.50%,FL
34269,Arcadia,DESOTO,1.50%,FL
32628,Cross City,DIXIE,1.00%,FL
32648,Horseshoe Beach,DIXIE,1.00%,FL
32680,Old Town,DIXIE,1.00%,FL
32692,Suwannee,DIXIE,1.00%,FL
32099,Jacksonville,DUVAL,1.00%,FL
32201,Jacksonville,DUVAL,1.00%,FL
32202,Jacksonville,DUVAL,1.00%,FL
32203,Jacksonville,DUVAL,1.00%,FL
32204,Jacksonville,DUVAL,1.00%,FL
32205,Jacksonville,DUVAL,1.00%,FL
32206,Jacksonville,DUVAL,1.00%,FL
32207,Jacksonville,DUVAL,1.00%,FL
32208,Jacksonville,DUVAL,1.00%,FL
32209,Jacksonville,DUVAL,1.00%,FL
32210,Jacksonville,DUVAL,1.00%,FL
32211,Jacksonville,DUVAL,1.00%,FL
32212,Jacksonville,DUVAL,1.00%,FL
32214,Jacksonville,DUVAL,1.00%,FL
32215,Jacksonville,DUVAL,1.00%,FL
32216,Jacksonville,DUVAL,1.00%,FL
32217,Jacksonville,DUVAL,1.00%,FL
32218,Jacksonville,DUVAL,1.00%,FL
32219,Jacksonville,DUVAL,1.00%,FL
32220,Jacksonville,DUVAL,1.00%,FL
32221,Jacksonville,DUVAL,1.00%,FL
32222,Jacksonville,DUVAL,1.00%,FL
32223,Jacksonville,DUVAL,1.00%,FL
32224,Jacksonville,DUVAL,1.00%,FL
32225,Jacksonville,DUVAL,1.00%,FL
32226,Jacksonville,DUVAL,1.00%,FL
32227,Jacksonville,DUVAL,1.00%,FL
32228,Jacksonville,DUVAL,1.00%,FL
32229,Jacksonville,DUVAL,1.00%,FL
32230,Jacksonville,DUVAL,1.00%,FL
32231,Jacksonville,DUVAL,1.00%,FL
32232,Jacksonville,DUVAL,1.00%,FL
32233,Atlantic Beach,DUVAL,1.00%,FL
32234,Jacksonville,DUVAL,1.00%,FL
32235,Jacksonville,DUVAL,1.00%,FL
32236,Jacksonville,DUVAL,1.00%,FL
32237,Jacksonville,DUVAL,1.00%,FL
32238,Jacksonville,DUVAL,1.00%,FL
32239,Jacksonville,DUVAL,1.00%,FL
32240,Jacksonville Beach,DUVAL,1.00%,FL
32241,Jacksonville,DUVAL,1.00%,FL
32244,Jacksonville,DUVAL,1.00%,FL
32245,Jacksonville,DUVAL,1.00%,FL
32246,Jacksonville,DUVAL,1.00%,FL
32247,Jacksonville,DUVAL,1.00%,FL
32250,Jacksonville Beach,DUVAL,1.00%,FL
32254,Jacksonville,DUVAL,1.00%,FL
32255,Jacksonville,DUVAL,1.00%,FL
32256,Jacksonville,DUVAL,1.00%,FL
32257,Jacksonville,DUVAL,1.00%,FL
32258,Jacksonville,DUVAL,1.00%,FL
32266,Neptune Beach,DUVAL,1.00%,FL
32267,Jacksonville,DUVAL,1.00%,FL
32277,Jacksonville,DUVAL,1.00%,FL
32290,Jacksonville,DUVAL,1.00%,FL
32501,Pensacola,ESCAMBIA,1.50%,FL
32502,Pensacola,ESCAMBIA,1.50%,FL
32503,Pensacola,ESCAMBIA,1.50%,FL
32504,Pensacola,ESCAMBIA,1.50%,FL
32505,Pensacola,ESCAMBIA,1.50%,FL
32506,Pensacola,ESCAMBIA,1.50%,FL
32507,Pensacola,ESCAMBIA,1.50%,FL
32508,Pensacola,ESCAMBIA,1.50%,FL
32509,Pensacola,ESCAMBIA,1.50%,FL
32511,Pensacola,ESCAMBIA,1.50%,FL
32512,Pensacola,ESCAMBIA,1.50%,FL
32513,Pensacola,ESCAMBIA,1.50%,FL
32514,Pensacola,ESCAMBIA,1.50%,FL
32516,Pensacola,ESCAMBIA,1.50%,FL
32520,Pensacola,ESCAMBIA,1.50%,FL
32521,Pensacola,ESCAMBIA,1.50%,FL
32522,Pensacola,ESCAMBIA,1.50%,FL
32523,Pensacola,ESCAMBIA,1.50%,FL
32524,Pensacola,ESCAMBIA,1.50%,FL
32526,Pensacola,ESCAMBIA,1.50%,FL
32533,Cantonment,ESCAMBIA,1.50%,FL
32534,Pensacola,ESCAMBIA,1.50%,FL
32535,Century,ESCAMBIA,1.50%,FL
32559,Pensacola,ESCAMBIA,1.50%,FL
32560,Gonzalez,ESCAMBIA,1.50%,FL
32568,Mc David,ESCAMBIA,1.50%,FL
32577,Molino,ESCAMBIA,1.50%,FL
32590,Pensacola,ESCAMBIA,1.50%,FL
32591,Pensacola,ESCAMBIA,1.50%,FL
32592,Pensacola,ESCAMBIA,1.50%,FL
32110,Bunnell,FLAGLER,1.00%,FL
32135,Palm Coast,FLAGLER,1.00%,FL
32136,Flagler Beach,FLAGLER,1.00%,FL
32137,Palm Coast,FLAGLER,1.00%,FL
32142,Palm Coast,FLAGLER,1.00%,FL
32164,Palm Coast,FLAGLER,1.00%,FL
32320,Apalachicola,FRANKLIN,1.00%,FL
32322,Carrabelle,FRANKLIN,1.00%,FL
32323,Lanark Village,FRANKLIN,1.00%,FL
32328,Eastpoint,FRANKLIN,1.00%,FL
32329,Apalachicola,FRANKLIN,1.00%,FL
32324,Chattahoochee,GADSDEN,1.50%,FL
32330,Greensboro,GADSDEN,1.50%,FL
32332,Gretna,GADSDEN,1.50%,FL
32333,Havana,GADSDEN,1.50%,FL
32343,Midway,GADSDEN,1.50%,FL
32351,Quincy,GADSDEN,1.50%,FL
32352,Quincy,GADSDEN,1.50%,FL
32353,Quincy,GADSDEN,1.50%,FL
32619,Bell,GILCHRIST,1.00%,FL
32693,Trenton,GILCHRIST,1.00%,FL
33471,Moore Haven,GLADES,1.00%,FL
33944,Palmdale,GLADES,1.00%,FL
32456,Port Saint Joe,GULF,1.00%,FL
32457,Port Saint Joe,GULF,1.00%,FL
32465,Wewahitchka,GULF,1.00%,FL
32052,Jasper,HAMILTON,1.00%,FL
32053,Jennings,HAMILTON,1.00%,FL
32096,White Springs,HAMILTON,1.00%,FL
33834,Bowling Green,HARDEE,1.00%,FL
33865,Ona,HARDEE,1.00%,FL
33873,Wauchula,HARDEE,1.00%,FL
33890,Zolfo Springs,HARDEE,1.00%,FL
33440,Clewiston,HENDRY,1.00%,FL
33930,Felda,HENDRY,1.00%,FL
33935,Labelle,HENDRY,1.00%,FL
33975,Labelle,HENDRY,1.00%,FL
34601,Brooksville,HERNANDO,0.50%,FL
34602,Brooksville,HERNANDO,0.50%,FL
34603,Brooksville,HERNANDO,0.50%,FL
34604,Brooksville,HERNANDO,0.50%,FL
34605,Brooksville,HERNANDO,0.50%,FL
34606,Spring Hill,HERNANDO,0.50%,FL
34607,Spring Hill,HERNANDO,0.50%,FL
34608,Spring Hill,HERNANDO,0.50%,FL
34609,Spring Hill,HERNANDO,0.50%,FL
34611,Spring Hill,HERNANDO,0.50%,FL
34613,Brooksville,HERNANDO,0.50%,FL
34614,Brooksville,HERNANDO,0.50%,FL
34636,Istachatta,HERNANDO,0.50%,FL
34661,Nobleton,HERNANDO,0.50%,FL
33825,Avon Park,HIGHLANDS,1.00%,FL
33826,Avon Park,HIGHLANDS,1.00%,FL
33852,Lake Placid,HIGHLANDS,1.00%,FL
33857,Lorida,HIGHLANDS,1.00%,FL
33862,Lake Placid,HIGHLANDS,1.00%,FL
33870,Sebring,HIGHLANDS,1.00%,FL
33871,Sebring,HIGHLANDS,1.00%,FL
33872,Sebring,HIGHLANDS,1.00%,FL
33875,Sebring,HIGHLANDS,1.00%,FL
33876,Sebring,HIGHLANDS,1.00%,FL
33960,Venus,HIGHLANDS,1.00%,FL
33503,Balm,HILLSBOROUGH,1.00%,FL
33508,Brandon,HILLSBOROUGH,1.00%,FL
33509,Brandon,HILLSBOROUGH,1.00%,FL
33510,Brandon,HILLSBOROUGH,1.00%,FL
33511,Brandon,HILLSBOROUGH,1.00%,FL
33527,Dover,HILLSBOROUGH,1.00%,FL
33530,Durant,HILLSBOROUGH,1.00%,FL
33534,Gibsonton,HILLSBOROUGH,1.00%,FL
33547,Lithia,HILLSBOROUGH,1.00%,FL
33548,Lutz,HILLSBOROUGH,1.00%,FL
33549,Lutz,HILLSBOROUGH,1.00%,FL
33550,Mango,HILLSBOROUGH,1.00%,FL
33556,Odessa,HILLSBOROUGH,1.00%,FL
33558,Lutz,HILLSBOROUGH,1.00%,FL
33559,Lutz,HILLSBOROUGH,1.00%,FL
33563,Plant City,HILLSBOROUGH,1.00%,FL
33564,Plant City,HILLSBOROUGH,1.00%,FL
33565,Plant City,HILLSBOROUGH,1.00%,FL
33566,Plant City,HILLSBOROUGH,1.00%,FL
33567,Plant City,HILLSBOROUGH,1.00%,FL
33568,Riverview,HILLSBOROUGH,1.00%,FL
33569,Riverview,HILLSBOROUGH,1.00%,FL
33570,Ruskin,HILLSBOROUGH,1.00%,FL
33571,Sun City Center,HILLSBOROUGH,1.00%,FL
33572,Apollo Beach,HILLSBOROUGH,1.00%,FL
33573,Sun City Center,HILLSBOROUGH,1.00%,FL
33575,Ruskin,HILLSBOROUGH,1.00%,FL
33583,Seffner,HILLSBOROUGH,1.00%,FL
33584,Seffner,HILLSBOROUGH,1.00%,FL
33586,Sun City,HILLSBOROUGH,1.00%,FL
33587,Sydney,HILLSBOROUGH,1.00%,FL
33592,Thonotosassa,HILLSBOROUGH,1.00%,FL
33594,Valrico,HILLSBOROUGH,1.00%,FL
33595,Valrico,HILLSBOROUGH,1.00%,FL
33598,Wimauma,HILLSBOROUGH,1.00%,FL
33601,Tampa,HILLSBOROUGH,1.00%,FL
33602,Tampa,HILLSBOROUGH,1.00%,FL
33603,Tampa,HILLSBOROUGH,1.00%,FL
33604,Tampa,HILLSBOROUGH,1.00%,FL
33605,Tampa,HILLSBOROUGH,1.00%,FL
33606,Tampa,HILLSBOROUGH,1.00%,FL
33607,Tampa,HILLSBOROUGH,1.00%,FL
33608,Tampa,HILLSBOROUGH,1.00%,FL
33609,Tampa,HILLSBOROUGH,1.00%,FL
33610,Tampa,HILLSBOROUGH,1.00%,FL
33611,Tampa,HILLSBOROUGH,1.00%,FL
33612,Tampa,HILLSBOROUGH,1.00%,FL
33613,Tampa,HILLSBOROUGH,1.00%,FL
33614,Tampa,HILLSBOROUGH,1.00%,FL
33615,Tampa,HILLSBOROUGH,1.00%,FL
33616,Tampa,HILLSBOROUGH,1.00%,FL
33617,Tampa,HILLSBOROUGH,1.00%,FL
33618,Tampa,HILLSBOROUGH,1.00%,FL
33619,Tampa,HILLSBOROUGH,1.00%,FL
33620,Tampa,HILLSBOROUGH,1.00%,FL
33621,Tampa,HILLSBOROUGH,1.00%,FL
33622,Tampa,HILLSBOROUGH,1.00%,FL
33623,Tampa,HILLSBOROUGH,1.00%,FL
33624,Tampa,HILLSBOROUGH,1.00%,FL
33625,Tampa,HILLSBOROUGH,1.00%,FL
33626,Tampa,HILLSBOROUGH,1.00%,FL
33629,Tampa,HILLSBOROUGH,1.00%,FL
33630,Tampa,HILLSBOROUGH,1.00%,FL
33631,Tampa,HILLSBOROUGH,1.00%,FL
33633,Tampa,HILLSBOROUGH,1.00%,FL
33634,Tampa,HILLSBOROUGH,1.00%,FL
33635,Tampa,HILLSBOROUGH,1.00%,FL
33637,Tampa,HILLSBOROUGH,1.00%,FL
33647,Tampa,HILLSBOROUGH,1.00%,FL
33650,Tampa,HILLSBOROUGH,1.00%,FL
33651,Tampa,HILLSBOROUGH,1.00%,FL
33655,Tampa,HILLSBOROUGH,1.00%,FL
33660,Tampa,HILLSBOROUGH,1.00%,FL
33661,Tampa,HILLSBOROUGH,1.00%,FL
33662,Tampa,HILLSBOROUGH,1.00%,FL
33663,Tampa,HILLSBOROUGH,1.00%,FL
33664,Tampa,HILLSBOROUGH,1.00%,FL
33672,Tampa,HILLSBOROUGH,1.00%,FL
33673,Tampa,HILLSBOROUGH,1.00%,FL
33674,Tampa,HILLSBOROUGH,1.00%,FL
33675,Tampa,HILLSBOROUGH,1.00%,FL
33677,Tampa,HILLSBOROUGH,1.00%,FL
33679,Tampa,HILLSBOROUGH,1.00%,FL
33680,Tampa,HILLSBOROUGH,1.00%,FL
33681,Tampa,HILLSBOROUGH,1.00%,FL
33682,Tampa,HILLSBOROUGH,1.00%,FL
33684,Tampa,HILLSBOROUGH,1.00%,FL
33685,Tampa,HILLSBOROUGH,1.00%,FL
33686,Tampa,HILLSBOROUGH,1.00%,FL
33687,Tampa,HILLSBOROUGH,1.00%,FL
33688,Tampa,HILLSBOROUGH,1.00%,FL
33689,Tampa,HILLSBOROUGH,1.00%,FL
33690,Tampa,HILLSBOROUGH,1.00%,FL
33694,Tampa,HILLSBOROUGH,1.00%,FL
33697,Tampa,HILLSBOROUGH,1.00%,FL
32425,Bonifay,HOLMES,1.00%,FL
32452,Noma,HOLMES,1.00%,FL
32464,Westville,HOLMES,1.00%,FL
32948,Fellsmere,INDIAN RIVER,1.00%,FL
32957,Roseland,INDIAN RIVER,1.00%,FL
32958,Sebastian,INDIAN RIVER,1.00%,FL
32960,Vero Beach,INDIAN RIVER,1.00%,FL
32961,Vero Beach,INDIAN RIVER,1.00%,FL
32962,Vero Beach,INDIAN RIVER,1.00%,FL
32963,Vero Beach,INDIAN RIVER,1.00%,FL
32964,Vero Beach,INDIAN RIVER,1.00%,FL
32965,Vero Beach,INDIAN RIVER,1.00%,FL
32966,Vero Beach,INDIAN RIVER,1.00%,FL
32967,Vero Beach,INDIAN RIVER,1.00%,FL
32968,Vero Beach,INDIAN RIVER,1.00%,FL
32969,Vero Beach,INDIAN RIVER,1.00%,FL
32970,Wabasso,INDIAN RIVER,1.00%,FL
32971,Winter Beach,INDIAN RIVER,1.00%,FL
32978,Sebastian,INDIAN RIVER,1.00%,FL
32420,Alford,JACKSON,1.50%,FL
32423,Bascom,JACKSON,1.50%,FL
32426,Campbellton,JACKSON,1.50%,FL
32431,Cottondale,JACKSON,1.50%,FL
32432,Cypress,JACKSON,1.50%,FL
32440,Graceville,JACKSON,1.50%,FL
32442,Grand Ridge,JACKSON,1.50%,FL
32443,Greenwood,JACKSON,1.50%,FL
32445,Malone,JACKSON,1.50%,FL
32446,Marianna,JACKSON,1.50%,FL
32447,Marianna,JACKSON,1.50%,FL
32448,Marianna,JACKSON,1.50%,FL
32460,Sneads,JACKSON,1.50%,FL
32336,Lamont,JEFFERSON,1.00%,FL
32337,Lloyd,JEFFERSON,1.00%,FL
32344,Monticello,JEFFERSON,1.00%,FL
32345,Monticello,JEFFERSON,1.00%,FL
32361,Wacissa,JEFFERSON,1.00%,FL
32013,Day,LAFAYETTE,1.00%,FL
32066,Mayo,LAFAYETTE,1.00%,FL
32102,Astor,LAKE,1.00%,FL
32158,Lady Lake,LAKE,1.00%,FL
32159,Lady Lake,LAKE,1.00%,FL
32702,Altoona,LAKE,1.00%,FL
32726,Eustis,LAKE,1.00%,FL
32727,Eustis,LAKE,1.00%,FL
32735,Grand Island,LAKE,1.00%,FL
32736,Eustis,LAKE,1.00%,FL
32756,Mount Dora,LAKE,1.00%,FL
32757,Mount Dora,LAKE,1.00%,FL
32767,Paisley,LAKE,1.00%,FL
32776,Sorrento,LAKE,1.00%,FL
32778,Tavares,LAKE,1.00%,FL
32784,Umatilla,LAKE,1.00%,FL
34705,Astatula,LAKE,1.00%,FL
34711,Clermont,LAKE,1.00%,FL
34712,Clermont,LAKE,1.00%,FL
34713,Clermont,LAKE,1.00%,FL
34714,Clermont,LAKE,1.00%,FL
34715,Clermont,LAKE,1.00%,FL
34729,Ferndale,LAKE,1.00%,FL
34731,Fruitland Park,LAKE,1.00%,FL
34736,Groveland,LAKE,1.00%,FL
34737,Howey In The Hills,LAKE,1.00%,FL
34748,Leesburg,LAKE,1.00%,FL
34749,Leesburg,LAKE,1.00%,FL
34753,Mascotte,LAKE,1.00%,FL
34755,Minneola,LAKE,1.00%,FL
34756,Montverde,LAKE,1.00%,FL
34762,Okahumpka,LAKE,1.00%,FL
34788,Leesburg,LAKE,1.00%,FL
34789,Leesburg,LAKE,1.00%,FL
34797,Yalaha,LAKE,1.00%,FL
33901,Fort Myers,LEE,0.00%,FL
33902,Fort Myers,LEE,0.00%,FL
33903,North Fort Myers,LEE,0.00%,FL
33904,Cape Coral,LEE,0.00%,FL
33905,Fort Myers,LEE,0.00%,FL
33906,Fort Myers,LEE,0.00%,FL
33907,Fort Myers,LEE,0.00%,FL
33908,Fort Myers,LEE,0.00%,FL
33909,Cape Coral,LEE,0.00%,FL
33910,Cape Coral,LEE,0.00%,FL
33911,Fort Myers,LEE,0.00%,FL
33912,Fort Myers,LEE,0.00%,FL
33913,Fort Myers,LEE,0.00%,FL
33914,Cape Coral,LEE,0.00%,FL
33915,Cape Coral,LEE,0.00%,FL
33916,Fort Myers,LEE,0.00%,FL
33917,North Fort Myers,LEE,0.00%,FL
33918,North Fort Myers,LEE,0.00%,FL
33919,Fort Myers,LEE,0.00%,FL
33920,Alva,LEE,0.00%,FL
33921,Boca Grande,LEE,0.00%,FL
33922,Bokeelia,LEE,0.00%,FL
33924,Captiva,LEE,0.00%,FL
33928,Estero,LEE,0.00%,FL
33931,Fort Myers Beach,LEE,0.00%,FL
33932,Fort Myers Beach,LEE,0.00%,FL
33936,Lehigh Acres,LEE,0.00%,FL
33945,Pineland,LEE,0.00%,FL
33956,Saint James City,LEE,0.00%,FL
33957,Sanibel,LEE,0.00%,FL
33965,Fort Myers,LEE,0.00%,FL
33966,Fort Myers,LEE,0.00%,FL
33967,Fort Myers,LEE,0.00%,FL
33970,Lehigh Acres,LEE,0.00%,FL
33971,Lehigh Acres,LEE,0.00%,FL
33972,Lehigh Acres,LEE,0.00%,FL
33990,Cape Coral,LEE,0.00%,FL
33991,Cape Coral,LEE,0.00%,FL
33993,Cape Coral,LEE,0.00%,FL
33994,Fort Myers,LEE,0.00%,FL
34133,Bonita Springs,LEE,0.00%,FL
34134,Bonita Springs,LEE,0.00%,FL
34135,Bonita Springs,LEE,0.00%,FL
34136,Bonita Springs,LEE,0.00%,FL
32301,Tallahassee,LEON,1.50%,FL
32302,Tallahassee,LEON,1.50%,FL
32303,Tallahassee,LEON,1.50%,FL
32304,Tallahassee,LEON,1.50%,FL
32305,Tallahassee,LEON,1.50%,FL
32306,Tallahassee,LEON,1.50%,FL
32307,Tallahassee,LEON,1.50%,FL
32308,Tallahassee,LEON,1.50%,FL
32309,Tallahassee,LEON,1.50%,FL
32310,Tallahassee,LEON,1.50%,FL
32311,Tallahassee,LEON,1.50%,FL
32312,Tallahassee,LEON,1.50%,FL
32313,Tallahassee,LEON,1.50%,FL
32314,Tallahassee,LEON,1.50%,FL
32315,Tallahassee,LEON,1.50%,FL
32316,Tallahassee,LEON,1.50%,FL
32317,Tallahassee,LEON,1.50%,FL
32318,Tallahassee,LEON,1.50%,FL
32362,Woodville,LEON,1.50%,FL
32395,Tallahassee,LEON,1.50%,FL
32399,Tallahassee,LEON,1.50%,FL
32621,Bronson,LEVY,1.00%,FL
32625,Cedar Key,LEVY,1.00%,FL
32626,Chiefland,LEVY,1.00%,FL
32639,Gulf Hammock,LEVY,1.00%,FL
32644,Chiefland,LEVY,1.00%,FL
32668,Morriston,LEVY,1.00%,FL
32683,Otter Creek,LEVY,1.00%,FL
32696,Williston,LEVY,1.00%,FL
34449,Inglis,LEVY,1.00%,FL
34498,Yankeetown,LEVY,1.00%,FL
32321,Bristol,LIBERTY,1.50%,FL
32334,Hosford,LIBERTY,1.50%,FL
32335,Sumatra,LIBERTY,1.50%,FL
32360,Telogia,LIBERTY,1.50%,FL
32059,Lee,MADISON,1.50%,FL
32331,Greenville,MADISON,1.50%,FL
32340,Madison,MADISON,1.50%,FL
32341,Madison,MADISON,1.50%,FL
32350,Pinetta,MADISON,1.50%,FL
34201,Bradenton,MANATEE,0.50%,FL
34202,Bradenton,MANATEE,0.50%,FL
34203,Bradenton,MANATEE,0.50%,FL
34204,Bradenton,MANATEE,0.50%,FL
34205,Bradenton,MANATEE,0.50%,FL
34206,Bradenton,MANATEE,0.50%,FL
34207,Bradenton,MANATEE,0.50%,FL
34208,Bradenton,MANATEE,0.50%,FL
34209,Bradenton,MANATEE,0.50%,FL
34210,Bradenton,MANATEE,0.50%,FL
34211,Bradenton,MANATEE,0.50%,FL
34212,Bradenton,MANATEE,0.50%,FL
34215,Cortez,MANATEE,0.50%,FL
34216,Anna Maria,MANATEE,0.50%,FL
34217,Bradenton Beach,MANATEE,0.50%,FL
34218,Holmes Beach,MANATEE,0.50%,FL
34219,Parrish,MANATEE,0.50%,FL
34220,Palmetto,MANATEE,0.50%,FL
34221,Palmetto,MANATEE,0.50%,FL
34222,Ellenton,MANATEE,0.50%,FL
34228,Longboat Key,MANATEE,0.50%,FL
34243,Sarasota,MANATEE,0.50%,FL
34250,Terra Ceia,MANATEE,0.50%,FL
34251,Myakka City,MANATEE,0.50%,FL
34260,Sarasota,MANATEE,0.50%,FL
34264,Oneco,MANATEE,0.50%,FL
34270,Tallevast,MANATEE,0.50%,FL
34280,Bradenton,MANATEE,0.50%,FL
34281,Bradenton,MANATEE,0.50%,FL
34282,Bradenton,MANATEE,0.50%,FL
32111,Candler,MARION,0.00%,FL
32113,Citra,MARION,0.00%,FL
32133,Eastlake Weir,MARION,0.00%,FL
32134,Fort Mc Coy,MARION,0.00%,FL
32179,Ocklawaha,MARION,0.00%,FL
32182,Orange Springs,MARION,0.00%,FL
32183,Ocklawaha,MARION,0.00%,FL
32192,Sparr,MARION,0.00%,FL
32195,Weirsdale,MARION,0.00%,FL
32617,Anthony,MARION,0.00%,FL
32634,Fairfield,MARION,0.00%,FL
32663,Lowell,MARION,0.00%,FL
32664,Mc Intosh,MARION,0.00%,FL
32681,Orange Lake,MARION,0.00%,FL
32686,Reddick,MARION,0.00%,FL
34420,Belleview,MARION,0.00%,FL
34421,Belleview,MARION,0.00%,FL
34430,Dunnellon,MARION,0.00%,FL
34431,Dunnellon,MARION,0.00%,FL
34432,Dunnellon,MARION,0.00%,FL
34470,Ocala,MARION,0.00%,FL
34471,Ocala,MARION,0.00%,FL
34472,Ocala,MARION,0.00%,FL
34473,Ocala,MARION,0.00%,FL
34474,Ocala,MARION,0.00%,FL
34475,Ocala,MARION,0.00%,FL
34476,Ocala,MARION,0.00%,FL
34477,Ocala,MARION,0.00%,FL
34478,Ocala,MARION,0.00%,FL
34479,Ocala,MARION,0.00%,FL
34480,Ocala,MARION,0.00%,FL
34481,Ocala,MARION,0.00%,FL
34482,Ocala,MARION,0.00%,FL
34483,Ocala,MARION,0.00%,FL
34488,Silver Springs,MARION,0.00%,FL
34489,Silver Springs,MARION,0.00%,FL
34491,Summerfield,MARION,0.00%,FL
34492,Summerfield,MARION,0.00%,FL
33455,Hobe Sound,MARTIN,0.00%,FL
33475,Hobe Sound,MARTIN,0.00%,FL
34956,Indiantown,MARTIN,0.00%,FL
34957,Jensen Beach,MARTIN,0.00%,FL
34958,Jensen Beach,MARTIN,0.00%,FL
34990,Palm City,MARTIN,0.00%,FL
34991,Palm City,MARTIN,0.00%,FL
34992,Port Salerno,MARTIN,0.00%,FL
34994,Stuart,MARTIN,0.00%,FL
34995,Stuart,MARTIN,0.00%,FL
34996,Stuart,MARTIN,0.00%,FL
34997,Stuart,MARTIN,0.00%,FL
33002,Hialeah,MIAMI-DADE,1.00%,FL
33010,Hialeah,MIAMI-DADE,1.00%,FL
33011,Hialeah,MIAMI-DADE,1.00%,FL
33012,Hialeah,MIAMI-DADE,1.00%,FL
33013,Hialeah,MIAMI-DADE,1.00%,FL
33014,Hialeah,MIAMI-DADE,1.00%,FL
33015,Hialeah,MIAMI-DADE,1.00%,FL
33016,Hialeah,MIAMI-DADE,1.00%,FL
33017,Hialeah,MIAMI-DADE,1.00%,FL
33018,Hialeah,MIAMI-DADE,1.00%,FL
33030,Homestead,MIAMI-DADE,1.00%,FL
33031,Homestead,MIAMI-DADE,1.00%,FL
33032,Homestead,MIAMI-DADE,1.00%,FL
33033,Homestead,MIAMI-DADE,1.00%,FL
33034,Homestead,MIAMI-DADE,1.00%,FL
33035,Homestead,MIAMI-DADE,1.00%,FL
33039,Homestead,MIAMI-DADE,1.00%,FL
33054,Opa Locka,MIAMI-DADE,1.00%,FL
33055,Opa Locka,MIAMI-DADE,1.00%,FL
33056,Opa Locka,MIAMI-DADE,1.00%,FL
33090,Homestead,MIAMI-DADE,1.00%,FL
33092,Homestead,MIAMI-DADE,1.00%,FL
33101,Miami,MIAMI-DADE,1.00%,FL
33102,Miami,MIAMI-DADE,1.00%,FL
33107,Miami,MIAMI-DADE,1.00%,FL
33109,Miami Beach,MIAMI-DADE,1.00%,FL
33110,Miami,MIAMI-DADE,1.00%,FL
33111,Miami,MIAMI-DADE,1.00%,FL
33112,Miami,MIAMI-DADE,1.00%,FL
33114,Miami,MIAMI-DADE,1.00%,FL
33116,Miami,MIAMI-DADE,1.00%,FL
33119,Miami Beach,MIAMI-DADE,1.00%,FL
33121,Miami,MIAMI-DADE,1.00%,FL
33122,Miami,MIAMI-DADE,1.00%,FL
33124,Miami,MIAMI-DADE,1.00%,FL
33125,Miami,MIAMI-DADE,1.00%,FL
33126,Miami,MIAMI-DADE,1.00%,FL
33127,Miami,MIAMI-DADE,1.00%,FL
33128,Miami,MIAMI-DADE,1.00%,FL
33129,Miami,MIAMI-DADE,1.00%,FL
33130,Miami,MIAMI-DADE,1.00%,FL
33131,Miami,MIAMI-DADE,1.00%,FL
33132,Miami,MIAMI-DADE,1.00%,FL
33133,Miami,MIAMI-DADE,1.00%,FL
33134,Miami,MIAMI-DADE,1.00%,FL
33135,Miami,MIAMI-DADE,1.00%,FL
33136,Miami,MIAMI-DADE,1.00%,FL
33137,Miami,MIAMI-DADE,1.00%,FL
33138,Miami,MIAMI-DADE,1.00%,FL
33139,Miami Beach,MIAMI-DADE,1.00%,FL
33140,Miami Beach,MIAMI-DADE,1.00%,FL
33141,Miami Beach,MIAMI-DADE,1.00%,FL
33142,Miami,MIAMI-DADE,1.00%,FL
33143,Miami,MIAMI-DADE,1.00%,FL
33144,Miami,MIAMI-DADE,1.00%,FL
33145,Miami,MIAMI-DADE,1.00%,FL
33146,Miami,MIAMI-DADE,1.00%,FL
33147,Miami,MIAMI-DADE,1.00%,FL
33148,Miami,MIAMI-DADE,1.00%,FL
33149,Key Biscayne,MIAMI-DADE,1.00%,FL
33150,Miami,MIAMI-DADE,1.00%,FL
33151,Miami,MIAMI-DADE,1.00%,FL
33152,Miami,MIAMI-DADE,1.00%,FL
33153,Miami,MIAMI-DADE,1.00%,FL
33154,Miami Beach,MIAMI-DADE,1.00%,FL
33155,Miami,MIAMI-DADE,1.00%,FL
33156,Miami,MIAMI-DADE,1.00%,FL
33157,Miami,MIAMI-DADE,1.00%,FL
33158,Miami,MIAMI-DADE,1.00%,FL
33159,Miami,MIAMI-DADE,1.00%,FL
33160,North Miami Beach,MIAMI-DADE,1.00%,FL
33161,Miami,MIAMI-DADE,1.00%,FL
33162,Miami,MIAMI-DADE,1.00%,FL
33163,Miami,MIAMI-DADE,1.00%,FL
33164,Miami,MIAMI-DADE,1.00%,FL
33165,Miami,MIAMI-DADE,1.00%,FL
33166,Miami,MIAMI-DADE,1.00%,FL
33167,Miami,MIAMI-DADE,1.00%,FL
33168,Miami,MIAMI-DADE,1.00%,FL
33169,Miami,MIAMI-DADE,1.00%,FL
33170,Miami,MIAMI-DADE,1.00%,FL
33172,Miami,MIAMI-DADE,1.00%,FL
33173,Miami,MIAMI-DADE,1.00%,FL
33174,Miami,MIAMI-DADE,1.00%,FL
33175,Miami,MIAMI-DADE,1.00%,FL
33176,Miami,MIAMI-DADE,1.00%,FL
33177,Miami,MIAMI-DADE,1.00%,FL
33178,Miami,MIAMI-DADE,1.00%,FL
33179,Miami,MIAMI-DADE,1.00%,FL
33180,Miami,MIAMI-DADE,1.00%,FL
33181,Miami,MIAMI-DADE,1.00%,FL
33182,Miami,MIAMI-DADE,1.00%,FL
33183,Miami,MIAMI-DADE,1.00%,FL
33184,Miami,MIAMI-DADE,1.00%,FL
33185,Miami,MIAMI-DADE,1.00%,FL
33186,Miami,MIAMI-DADE,1.00%,FL
33187,Miami,MIAMI-DADE,1.00%,FL
33188,Miami,MIAMI-DADE,1.00%,FL
33189,Miami,MIAMI-DADE,1.00%,FL
33190,Miami,MIAMI-DADE,1.00%,FL
33193,Miami,MIAMI-DADE,1.00%,FL
33194,Miami,MIAMI-DADE,1.00%,FL
33195,Miami,MIAMI-DADE,1.00%,FL
33196,Miami,MIAMI-DADE,1.00%,FL
33197,Miami,MIAMI-DADE,1.00%,FL
33199,Miami,MIAMI-DADE,1.00%,FL
33231,Miami,MIAMI-DADE,1.00%,FL
33233,Miami,MIAMI-DADE,1.00%,FL
33234,Miami,MIAMI-DADE,1.00%,FL
33238,Miami,MIAMI-DADE,1.00%,FL
33239,Miami Beach,MIAMI-DADE,1.00%,FL
33242,Miami,MIAMI-DADE,1.00%,FL
33243,Miami,MIAMI-DADE,1.00%,FL
33245,Miami,MIAMI-DADE,1.00%,FL
33247,Miami,MIAMI-DADE,1.00%,FL
33255,Miami,MIAMI-DADE,1.00%,FL
33256,Miami,MIAMI-DADE,1.00%,FL
33257,Miami,MIAMI-DADE,1.00%,FL
33261,Miami,MIAMI-DADE,1.00%,FL
33265,Miami,MIAMI-DADE,1.00%,FL
33266,Miami,MIAMI-DADE,1.00%,FL
33269,Miami,MIAMI-DADE,1.00%,FL
33280,Miami,MIAMI-DADE,1.00%,FL
33283,Miami,MIAMI-DADE,1.00%,FL
33296,Miami,MIAMI-DADE,1.00%,FL
33299,Miami,MIAMI-DADE,1.00%,FL
34141,Ochopee,MIAMI-DADE,1.00%,FL
33001,Long Key,MONROE,1.50%,FL
33036,Islamorada,MONROE,1.50%,FL
33037,Key Largo,MONROE,1.50%,FL
33040,Key West,MONROE,1.50%,FL
33041,Key West,MONROE,1.50%,FL
33042,Summerland Key,MONROE,1.50%,FL
33043,Big Pine Key,MONROE,1.50%,FL
33045,Key West,MONROE,1.50%,FL
33050,Marathon,MONROE,1.50%,FL
33051,Key Colony Beach,MONROE,1.50%,FL
33052,Marathon Shores,MONROE,1.50%,FL
33070,Tavernier,MONROE,1.50%,FL
32009,Bryceville,NASSAU,1.00%,FL
32011,Callahan,NASSAU,1.00%,FL
32034,Fernandina Beach,NASSAU,1.00%,FL
32035,Fernandina Beach,NASSAU,1.00%,FL
32041,Yulee,NASSAU,1.00%,FL
32046,Hilliard,NASSAU,1.00%,FL
32097,Yulee,NASSAU,1.00%,FL
32531,Baker,OKALOOSA,0.00%,FL
32536,Crestview,OKALOOSA,0.00%,FL
32537,Milligan,OKALOOSA,0.00%,FL
32539,Crestview,OKALOOSA,0.00%,FL
32540,Destin,OKALOOSA,0.00%,FL
32541,Destin,OKALOOSA,0.00%,FL
32542,Eglin Afb,OKALOOSA,0.00%,FL
32544,Hurlburt Field,OKALOOSA,0.00%,FL
32547,Fort Walton Beach,OKALOOSA,0.00%,FL
32548,Fort Walton Beach,OKALOOSA,0.00%,FL
32549,Fort Walton Beach,OKALOOSA,0.00%,FL
32564,Holt,OKALOOSA,0.00%,FL
32567,Laurel Hill,OKALOOSA,0.00%,FL
32569,Mary Esther,OKALOOSA,0.00%,FL
32578,Niceville,OKALOOSA,0.00%,FL
32579,Shalimar,OKALOOSA,0.00%,FL
32580,Valparaiso,OKALOOSA,0.00%,FL
32588,Niceville,OKALOOSA,0.00%,FL
34972,Okeechobee,OKEECHOBEE,1.00%,FL
34973,Okeechobee,OKEECHOBEE,1.00%,FL
34974,Okeechobee,OKEECHOBEE,1.00%,FL
32703,Apopka,ORANGE,0.50%,FL
32704,Apopka,ORANGE,0.50%,FL
32709,Christmas,ORANGE,0.50%,FL
32710,Clarcona,ORANGE,0.50%,FL
32712,Apopka,ORANGE,0.50%,FL
32751,Maitland,ORANGE,0.50%,FL
32768,Plymouth,ORANGE,0.50%,FL
32777,Tangerine,ORANGE,0.50%,FL
32789,Winter Park,ORANGE,0.50%,FL
32790,Winter Park,ORANGE,0.50%,FL
32792,Winter Park,ORANGE,0.50%,FL
32793,Winter Park,ORANGE,0.50%,FL
32794,Maitland,ORANGE,0.50%,FL
32798,Zellwood,ORANGE,0.50%,FL
32801,Orlando,ORANGE,0.50%,FL
32802,Orlando,ORANGE,0.50%,FL
32803,Orlando,ORANGE,0.50%,FL
32804,Orlando,ORANGE,0.50%,FL
32805,Orlando,ORANGE,0.50%,FL
32806,Orlando,ORANGE,0.50%,FL
32807,Orlando,ORANGE,0.50%,FL
32808,Orlando,ORANGE,0.50%,FL
32809,Orlando,ORANGE,0.50%,FL
32810,Orlando,ORANGE,0.50%,FL
32811,Orlando,ORANGE,0.50%,FL
32812,Orlando,ORANGE,0.50%,FL
32814,Orlando,ORANGE,0.50%,FL
32816,Orlando,ORANGE,0.50%,FL
32817,Orlando,ORANGE,0.50%,FL
32818,Orlando,ORANGE,0.50%,FL
32819,Orlando,ORANGE,0.50%,FL
32820,Orlando,ORANGE,0.50%,FL
32821,Orlando,ORANGE,0.50%,FL
32822,Orlando,ORANGE,0.50%,FL
32824,Orlando,ORANGE,0.50%,FL
32825,Orlando,ORANGE,0.50%,FL
32826,Orlando,ORANGE,0.50%,FL
32827,Orlando,ORANGE,0.50%,FL
32828,Orlando,ORANGE,0.50%,FL
32829,Orlando,ORANGE,0.50%,FL
32830,Orlando,ORANGE,0.50%,FL
32831,Orlando,ORANGE,0.50%,FL
32832,Orlando,ORANGE,0.50%,FL
32833,Orlando,ORANGE,0.50%,FL
32834,Orlando,ORANGE,0.50%,FL
32835,Orlando,ORANGE,0.50%,FL
32836,Orlando,ORANGE,0.50%,FL
32837,Orlando,ORANGE,0.50%,FL
32839,Orlando,ORANGE,0.50%,FL
32853,Orlando,ORANGE,0.50%,FL
32854,Orlando,ORANGE,0.50%,FL
32855,Orlando,ORANGE,0.50%,FL
32856,Orlando,ORANGE,0.50%,FL
32857,Orlando,ORANGE,0.50%,FL
32858,Orlando,ORANGE,0.50%,FL
32859,Orlando,ORANGE,0.50%,FL
32860,Orlando,ORANGE,0.50%,FL
32861,Orlando,ORANGE,0.50%,FL
32862,Orlando,ORANGE,0.50%,FL
32867,Orlando,ORANGE,0.50%,FL
32868,Orlando,ORANGE,0.50%,FL
32869,Orlando,ORANGE,0.50%,FL
32872,Orlando,ORANGE,0.50%,FL
32877,Orlando,ORANGE,0.50%,FL
32878,Orlando,ORANGE,0.50%,FL
32885,Orlando,ORANGE,0.50%,FL
32886,Orlando,ORANGE,0.50%,FL
32887,Orlando,ORANGE,0.50%,FL
32890,Orlando,ORANGE,0.50%,FL
32891,Orlando,ORANGE,0.50%,FL
32893,Orlando,ORANGE,0.50%,FL
32896,Orlando,ORANGE,0.50%,FL
32897,Orlando,ORANGE,0.50%,FL
32898,Orlando,ORANGE,0.50%,FL
34734,Gotha,ORANGE,0.50%,FL
34740,Killarney,ORANGE,0.50%,FL
34760,Oakland,ORANGE,0.50%,FL
34761,Ocoee,ORANGE,0.50%,FL
34777,Winter Garden,ORANGE,0.50%,FL
34778,Winter Garden,ORANGE,0.50%,FL
34786,Windermere,ORANGE,0.50%,FL
34787,Winter Garden,ORANGE,0.50%,FL
33848,Intercession City,OSCEOLA,1.00%,FL
34739,Kenansville,OSCEOLA,1.00%,FL
34741,Kissimmee,OSCEOLA,1.00%,FL
34742,Kissimmee,OSCEOLA,1.00%,FL
34743,Kissimmee,OSCEOLA,1.00%,FL
34744,Kissimmee,OSCEOLA,1.00%,FL
34745,Kissimmee,OSCEOLA,1.00%,FL
34746,Kissimmee,OSCEOLA,1.00%,FL
34747,Kissimmee,OSCEOLA,1.00%,FL
34758,Kissimmee,OSCEOLA,1.00%,FL
34769,Saint Cloud,OSCEOLA,1.00%,FL
34770,Saint Cloud,OSCEOLA,1.00%,FL
34771,Saint Cloud,OSCEOLA,1.00%,FL
34772,Saint Cloud,OSCEOLA,1.00%,FL
34773,Saint Cloud,OSCEOLA,1.00%,FL
33401,West Palm Beach,PALM BEACH,0.00%,FL
33402,West Palm Beach,PALM BEACH,0.00%,FL
33403,West Palm Beach,PALM BEACH,0.00%,FL
33404,West Palm Beach,PALM BEACH,0.00%,FL
33405,West Palm Beach,PALM BEACH,0.00%,FL
33406,West Palm Beach,PALM BEACH,0.00%,FL
33407,West Palm Beach,PALM BEACH,0.00%,FL
33408,North Palm Beach,PALM BEACH,0.00%,FL
33409,West Palm Beach,PALM BEACH,0.00%,FL
33410,Palm Beach Gardens,PALM BEACH,0.00%,FL
33411,West Palm Beach,PALM BEACH,0.00%,FL
33412,West Palm Beach,PALM BEACH,0.00%,FL
33413,West Palm Beach,PALM BEACH,0.00%,FL
33414,West Palm Beach,PALM BEACH,0.00%,FL
33415,West Palm Beach,PALM BEACH,0.00%,FL
33416,West Palm Beach,PALM BEACH,0.00%,FL
33417,West Palm Beach,PALM BEACH,0.00%,FL
33418,Palm Beach Gardens,PALM BEACH,0.00%,FL
33419,West Palm Beach,PALM BEACH,0.00%,FL
33420,West Palm Beach,PALM BEACH,0.00%,FL
33421,West Palm Beach,PALM BEACH,0.00%,FL
33422,West Palm Beach,PALM BEACH,0.00%,FL
33424,Boynton Beach,PALM BEACH,0.00%,FL
33425,Boynton Beach,PALM BEACH,0.00%,FL
33426,Boynton Beach,PALM BEACH,0.00%,FL
33427,Boca Raton,PALM BEACH,0.00%,FL
33428,Boca Raton,PALM BEACH,0.00%,FL
33429,Boca Raton,PALM BEACH,0.00%,FL
33430,Belle Glade,PALM BEACH,0.00%,FL
33431,Boca Raton,PALM BEACH,0.00%,FL
33432,Boca Raton,PALM BEACH,0.00%,FL
33433,Boca Raton,PALM BEACH,0.00%,FL
33434,Boca Raton,PALM BEACH,0.00%,FL
33435,Boynton Beach,PALM BEACH,0.00%,FL
33436,Boynton Beach,PALM BEACH,0.00%,FL
33437,Boynton Beach,PALM BEACH,0.00%,FL
33438,Canal Point,PALM BEACH,0.00%,FL
33439,Bryant,PALM BEACH,0.00%,FL
33444,Delray Beach,PALM BEACH,0.00%,FL
33445,Delray Beach,PALM BEACH,0.00%,FL
33446,Delray Beach,PALM BEACH,0.00%,FL
33447,Delray Beach,PALM BEACH,0.00%,FL
33448,Delray Beach,PALM BEACH,0.00%,FL
33454,Lake Worth,PALM BEACH,0.00%,FL
33458,Jupiter,PALM BEACH,0.00%,FL
33459,Lake Harbor,PALM BEACH,0.00%,FL
33460,Lake Worth,PALM BEACH,0.00%,FL
33461,Lake Worth,PALM BEACH,0.00%,FL
33462,Lake Worth,PALM BEACH,0.00%,FL
33463,Lake Worth,PALM BEACH,0.00%,FL
33464,Boca Raton,PALM BEACH,0.00%,FL
33465,Lake Worth,PALM BEACH,0.00%,FL
33466,Lake Worth,PALM BEACH,0.00%,FL
33467,Lake Worth,PALM BEACH,0.00%,FL
33468,Jupiter,PALM BEACH,0.00%,FL
33469,Jupiter,PALM BEACH,0.00%,FL
33470,Loxahatchee,PALM BEACH,0.00%,FL
33474,Boynton Beach,PALM BEACH,0.00%,FL
33476,Pahokee,PALM BEACH,0.00%,FL
33477,Jupiter,PALM BEACH,0.00%,FL
33478,Jupiter,PALM BEACH,0.00%,FL
33480,Palm Beach,PALM BEACH,0.00%,FL
33481,Boca Raton,PALM BEACH,0.00%,FL
33482,Delray Beach,PALM BEACH,0.00%,FL
33483,Delray Beach,PALM BEACH,0.00%,FL
33484,Delray Beach,PALM BEACH,0.00%,FL
33486,Boca Raton,PALM BEACH,0.00%,FL
33487,Boca Raton,PALM BEACH,0.00%,FL
33488,Boca Raton,PALM BEACH,0.00%,FL
33493,South Bay,PALM BEACH,0.00%,FL
33496,Boca Raton,PALM BEACH,0.00%,FL
33497,Boca Raton,PALM BEACH,0.00%,FL
33498,Boca Raton,PALM BEACH,0.00%,FL
33499,Boca Raton,PALM BEACH,0.00%,FL
33523,Dade City,PASCO,1.00%,FL
33524,Crystal Springs,PASCO,1.00%,FL
33525,Dade City,PASCO,1.00%,FL
33526,Dade City,PASCO,1.00%,FL
33537,Lacoochee,PASCO,1.00%,FL
33539,Zephyrhills,PASCO,1.00%,FL
33540,Zephyrhills,PASCO,1.00%,FL
33541,Zephyrhills,PASCO,1.00%,FL
33542,Zephyrhills,PASCO,1.00%,FL
33543,Wesley Chapel,PASCO,1.00%,FL
33544,Wesley Chapel,PASCO,1.00%,FL
33574,Saint Leo,PASCO,1.00%,FL
33576,San Antonio,PASCO,1.00%,FL
33593,Trilby,PASCO,1.00%,FL
34610,Spring Hill,PASCO,1.00%,FL
34637,Land O Lakes,PASCO,1.00%,FL
34638,Land O Lakes,PASCO,1.00%,FL
34639,Land O Lakes,PASCO,1.00%,FL
34652,New Port Richey,PASCO,1.00%,FL
34653,New Port Richey,PASCO,1.00%,FL
34654,New Port Richey,PASCO,1.00%,FL
34655,New Port Richey,PASCO,1.00%,FL
34656,New Port Richey,PASCO,1.00%,FL
34667,Hudson,PASCO,1.00%,FL
34668,Port Richey,PASCO,1.00%,FL
34669,Hudson,PASCO,1.00%,FL
34673,Port Richey,PASCO,1.00%,FL
34674,Hudson,PASCO,1.00%,FL
34679,Aripeka,PASCO,1.00%,FL
34680,Elfers,PASCO,1.00%,FL
34690,Holiday,PASCO,1.00%,FL
34691,Holiday,PASCO,1.00%,FL
34692,Holiday,PASCO,1.00%,FL
33701,Saint Petersburg,PINELLAS,1.00%,FL
33702,Saint Petersburg,PINELLAS,1.00%,FL
33703,Saint Petersburg,PINELLAS,1.00%,FL
33704,Saint Petersburg,PINELLAS,1.00%,FL
33705,Saint Petersburg,PINELLAS,1.00%,FL
33706,Saint Petersburg,PINELLAS,1.00%,FL
33707,Saint Petersburg,PINELLAS,1.00%,FL
33708,Saint Petersburg,PINELLAS,1.00%,FL
33709,Saint Petersburg,PINELLAS,1.00%,FL
33710,Saint Petersburg,PINELLAS,1.00%,FL
33711,Saint Petersburg,PINELLAS,1.00%,FL
33712,Saint Petersburg,PINELLAS,1.00%,FL
33713,Saint Petersburg,PINELLAS,1.00%,FL
33714,Saint Petersburg,PINELLAS,1.00%,FL
33715,Saint Petersburg,PINELLAS,1.00%,FL
33716,Saint Petersburg,PINELLAS,1.00%,FL
33729,Saint Petersburg,PINELLAS,1.00%,FL
33730,Saint Petersburg,PINELLAS,1.00%,FL
33731,Saint Petersburg,PINELLAS,1.00%,FL
33732,Saint Petersburg,PINELLAS,1.00%,FL
33733,Saint Petersburg,PINELLAS,1.00%,FL
33734,Saint Petersburg,PINELLAS,1.00%,FL
33736,Saint Petersburg,PINELLAS,1.00%,FL
33737,Saint Petersburg,PINELLAS,1.00%,FL
33738,Saint Petersburg,PINELLAS,1.00%,FL
33740,Saint Petersburg,PINELLAS,1.00%,FL
33741,Saint Petersburg,PINELLAS,1.00%,FL
33742,Saint Petersburg,PINELLAS,1.00%,FL
33743,Saint Petersburg,PINELLAS,1.00%,FL
33744,Bay Pines,PINELLAS,1.00%,FL
33747,Saint Petersburg,PINELLAS,1.00%,FL
33755,Clearwater,PINELLAS,1.00%,FL
33756,Clearwater,PINELLAS,1.00%,FL
33757,Clearwater,PINELLAS,1.00%,FL
33758,Clearwater,PINELLAS,1.00%,FL
33759,Clearwater,PINELLAS,1.00%,FL
33760,Clearwater,PINELLAS,1.00%,FL
33761,Clearwater,PINELLAS,1.00%,FL
33762,Clearwater,PINELLAS,1.00%,FL
33763,Clearwater,PINELLAS,1.00%,FL
33764,Clearwater,PINELLAS,1.00%,FL
33765,Clearwater,PINELLAS,1.00%,FL
33766,Clearwater,PINELLAS,1.00%,FL
33767,Clearwater Beach,PINELLAS,1.00%,FL
33769,Clearwater,PINELLAS,1.00%,FL
33770,Largo,PINELLAS,1.00%,FL
33771,Largo,PINELLAS,1.00%,FL
33772,Seminole,PINELLAS,1.00%,FL
33773,Largo,PINELLAS,1.00%,FL
33774,Largo,PINELLAS,1.00%,FL
33775,Seminole,PINELLAS,1.00%,FL
33776,Seminole,PINELLAS,1.00%,FL
33777,Seminole,PINELLAS,1.00%,FL
33778,Largo,PINELLAS,1.00%,FL
33779,Largo,PINELLAS,1.00%,FL
33780,Pinellas Park,PINELLAS,1.00%,FL
33781,Pinellas Park,PINELLAS,1.00%,FL
33782,Pinellas Park,PINELLAS,1.00%,FL
33784,Saint Petersburg,PINELLAS,1.00%,FL
33785,Indian Rocks Beach,PINELLAS,1.00%,FL
33786,Belleair Beach,PINELLAS,1.00%,FL
34660,Ozona,PINELLAS,1.00%,FL
34677,Oldsmar,PINELLAS,1.00%,FL
34681,Crystal Beach,PINELLAS,1.00%,FL
34682,Palm Harbor,PINELLAS,1.00%,FL
34683,Palm Harbor,PINELLAS,1.00%,FL
34684,Palm Harbor,PINELLAS,1.00%,FL
34685,Palm Harbor,PINELLAS,1.00%,FL
34688,Tarpon Springs,PINELLAS,1.00%,FL
34689,Tarpon Springs,PINELLAS,1.00%,FL
34695,Safety Harbor,PINELLAS,1.00%,FL
34697,Dunedin,PINELLAS,1.00%,FL
34698,Dunedin,PINELLAS,1.00%,FL
33801,Lakeland,POLK,1.00%,FL
33802,Lakeland,POLK,1.00%,FL
33803,Lakeland,POLK,1.00%,FL
33804,Lakeland,POLK,1.00%,FL
33805,Lakeland,POLK,1.00%,FL
33806,Lakeland,POLK,1.00%,FL
33807,Lakeland,POLK,1.00%,FL
33809,Lakeland,POLK,1.00%,FL
33810,Lakeland,POLK,1.00%,FL
33811,Lakeland,POLK,1.00%,FL
33812,Lakeland,POLK,1.00%,FL
33813,Lakeland,POLK,1.00%,FL
33815,Lakeland,POLK,1.00%,FL
33820,Alturas,POLK,1.00%,FL
33823,Auburndale,POLK,1.00%,FL
33827,Babson Park,POLK,1.00%,FL
33830,Bartow,POLK,1.00%,FL
33831,Bartow,POLK,1.00%,FL
33835,Bradley,POLK,1.00%,FL
33836,Davenport,POLK,1.00%,FL
33837,Davenport,POLK,1.00%,FL
33838,Dundee,POLK,1.00%,FL
33839,Eagle Lake,POLK,1.00%,FL
33840,Eaton Park,POLK,1.00%,FL
33841,Fort Meade,POLK,1.00%,FL
33843,Frostproof,POLK,1.00%,FL
33844,Haines City,POLK,1.00%,FL
33845,Haines City,POLK,1.00%,FL
33846,Highland City,POLK,1.00%,FL
33847,Homeland,POLK,1.00%,FL
33849,Kathleen,POLK,1.00%,FL
33850,Lake Alfred,POLK,1.00%,FL
33851,Lake Hamilton,POLK,1.00%,FL
33853,Lake Wales,POLK,1.00%,FL
33854,Fedhaven,POLK,1.00%,FL
33855,Indian Lake Estates,POLK,1.00%,FL
33856,Nalcrest,POLK,1.00%,FL
33858,Loughman,POLK,1.00%,FL
33859,Lake Wales,POLK,1.00%,FL
33860,Mulberry,POLK,1.00%,FL
33863,Nichols,POLK,1.00%,FL
33867,River Ranch,POLK,1.00%,FL
33868,Polk City,POLK,1.00%,FL
33877,Waverly,POLK,1.00%,FL
33880,Winter Haven,POLK,1.00%,FL
33881,Winter Haven,POLK,1.00%,FL
33882,Winter Haven,POLK,1.00%,FL
33883,Winter Haven,POLK,1.00%,FL
33884,Winter Haven,POLK,1.00%,FL
33885,Winter Haven,POLK,1.00%,FL
33888,Winter Haven,POLK,1.00%,FL
33896,Davenport,POLK,1.00%,FL
33897,Davenport,POLK,1.00%,FL
33898,Lake Wales,POLK,1.00%,FL
34759,Kissimmee,POLK,1.00%,FL
32007,Bostwick,PUTNAM,1.00%,FL
32112,Crescent City,PUTNAM,1.00%,FL
32131,East Palatka,PUTNAM,1.00%,FL
32138,Grandin,PUTNAM,1.00%,FL
32139,Georgetown,PUTNAM,1.00%,FL
32140,Florahome,PUTNAM,1.00%,FL
32147,Hollister,PUTNAM,1.00%,FL
32148,Interlachen,PUTNAM,1.00%,FL
32149,Edgar,PUTNAM,1.00%,FL
32157,Lake Como,PUTNAM,1.00%,FL
32177,Palatka,PUTNAM,1.00%,FL
32178,Palatka,PUTNAM,1.00%,FL
32181,Pomona Park,PUTNAM,1.00%,FL
32185,Putnam Hall,PUTNAM,1.00%,FL
32187,San Mateo,PUTNAM,1.00%,FL
32189,Satsuma,PUTNAM,1.00%,FL
32193,Welaka,PUTNAM,1.00%,FL
32666,Melrose,PUTNAM,1.00%,FL
32004,Ponte Vedra Beach,ST JOHNS,0.50%,FL
32033,Elkton,ST JOHNS,0.50%,FL
32080,Saint Augustine,ST JOHNS,0.50%,FL
32081,Ponte Vedra,ST JOHNS,0.50%,FL
32082,Ponte Vedra Beach,ST JOHNS,0.50%,FL
32084,Saint Augustine,ST JOHNS,0.50%,FL
32085,Saint Augustine,ST JOHNS,0.50%,FL
32086,Saint Augustine,ST JOHNS,0.50%,FL
32092,Saint Augustine,ST JOHNS,0.50%,FL
32095,Saint Augustine,ST JOHNS,0.50%,FL
32145,Hastings,ST JOHNS,0.50%,FL
32259,Saint Johns,ST JOHNS,0.50%,FL
32260,Jacksonville,ST JOHNS,0.50%,FL
34945,Fort Pierce,ST LUCIE,0.50%,FL
34946,Fort Pierce,ST LUCIE,0.50%,FL
34947,Fort Pierce,ST LUCIE,0.50%,FL
34948,Fort Pierce,ST LUCIE,0.50%,FL
34949,Fort Pierce,ST LUCIE,0.50%,FL
34950,Fort Pierce,ST LUCIE,0.50%,FL
34951,Fort Pierce,ST LUCIE,0.50%,FL
34952,Port Saint Lucie,ST LUCIE,0.50%,FL
34953,Port Saint Lucie,ST LUCIE,0.50%,FL
34954,Fort Pierce,ST LUCIE,0.50%,FL
34979,Fort Pierce,ST LUCIE,0.50%,FL
34981,Fort Pierce,ST LUCIE,0.50%,FL
34982,Fort Pierce,ST LUCIE,0.50%,FL
34983,Port Saint Lucie,ST LUCIE,0.50%,FL
34984,Port Saint Lucie,ST LUCIE,0.50%,FL
34985,Port Saint Lucie,ST LUCIE,0.50%,FL
34986,Port Saint Lucie,ST LUCIE,0.50%,FL
34987,Port Saint Lucie,ST LUCIE,0.50%,FL
34988,Port Saint Lucie,ST LUCIE,0.50%,FL
32530,Bagdad,SANTA ROSA,0.50%,FL
32561,Gulf Breeze,SANTA ROSA,0.50%,FL
32562,Gulf Breeze,SANTA ROSA,0.50%,FL
32563,Gulf Breeze,SANTA ROSA,0.50%,FL
32565,Jay,SANTA ROSA,0.50%,FL
32566,Navarre,SANTA ROSA,0.50%,FL
32570,Milton,SANTA ROSA,0.50%,FL
32571,Milton,SANTA ROSA,0.50%,FL
32572,Milton,SANTA ROSA,0.50%,FL
32583,Milton,SANTA ROSA,0.50%,FL
34223,Englewood,SARASOTA,1.00%,FL
34229,Osprey,SARASOTA,1.00%,FL
34230,Sarasota,SARASOTA,1.00%,FL
34231,Sarasota,SARASOTA,1.00%,FL
34232,Sarasota,SARASOTA,1.00%,FL
34233,Sarasota,SARASOTA,1.00%,FL
34234,Sarasota,SARASOTA,1.00%,FL
34235,Sarasota,SARASOTA,1.00%,FL
34236,Sarasota,SARASOTA,1.00%,FL
34237,Sarasota,SARASOTA,1.00%,FL
34238,Sarasota,SARASOTA,1.00%,FL
34239,Sarasota,SARASOTA,1.00%,FL
34240,Sarasota,SARASOTA,1.00%,FL
34241,Sarasota,SARASOTA,1.00%,FL
34242,Sarasota,SARASOTA,1.00%,FL
34272,Laurel,SARASOTA,1.00%,FL
34274,Nokomis,SARASOTA,1.00%,FL
34275,Nokomis,SARASOTA,1.00%,FL
34276,Sarasota,SARASOTA,1.00%,FL
34277,Sarasota,SARASOTA,1.00%,FL
34278,Sarasota,SARASOTA,1.00%,FL
34284,Venice,SARASOTA,1.00%,FL
34285,Venice,SARASOTA,1.00%,FL
34286,North Port,SARASOTA,1.00%,FL
34287,North Port,SARASOTA,1.00%,FL
34288,North Port,SARASOTA,1.00%,FL
34289,North Port,SARASOTA,1.00%,FL
34292,Venice,SARASOTA,1.00%,FL
34293,Venice,SARASOTA,1.00%,FL
34295,Englewood,SARASOTA,1.00%,FL
32701,Altamonte Springs,SEMINOLE,1.00%,FL
32707,Casselberry,SEMINOLE,1.00%,FL
32708,Winter Springs,SEMINOLE,1.00%,FL
32714,Altamonte Springs,SEMINOLE,1.00%,FL
32715,Altamonte Springs,SEMINOLE,1.00%,FL
32716,Altamonte Springs,SEMINOLE,1.00%,FL
32718,Casselberry,SEMINOLE,1.00%,FL
32719,Winter Springs,SEMINOLE,1.00%,FL
32730,Casselberry,SEMINOLE,1.00%,FL
32732,Geneva,SEMINOLE,1.00%,FL
32733,Goldenrod,SEMINOLE,1.00%,FL
32745,Mid Florida,SEMINOLE,1.00%,FL
32746,Lake Mary,SEMINOLE,1.00%,FL
32747,Lake Monroe,SEMINOLE,1.00%,FL
32750,Longwood,SEMINOLE,1.00%,FL
32752,Longwood,SEMINOLE,1.00%,FL
32762,Oviedo,SEMINOLE,1.00%,FL
32765,Oviedo,SEMINOLE,1.00%,FL
32766,Oviedo,SEMINOLE,1.00%,FL
32771,Sanford,SEMINOLE,1.00%,FL
32772,Sanford,SEMINOLE,1.00%,FL
32773,Sanford,SEMINOLE,1.00%,FL
32779,Longwood,SEMINOLE,1.00%,FL
32791,Longwood,SEMINOLE,1.00%,FL
32795,Lake Mary,SEMINOLE,1.00%,FL
32799,Mid Florida,SEMINOLE,1.00%,FL
32162,Lady Lake,SUMTER,1.00%,FL
33513,Bushnell,SUMTER,1.00%,FL
33514,Center Hill,SUMTER,1.00%,FL
33521,Coleman,SUMTER,1.00%,FL
33538,Lake Panasoffkee,SUMTER,1.00%,FL
33585,Sumterville,SUMTER,1.00%,FL
33597,Webster,SUMTER,1.00%,FL
34484,Oxford,SUMTER,1.00%,FL
34785,Wildwood,SUMTER,1.00%,FL
32008,Branford,SUWANNEE,1.00%,FL
32060,Live Oak,SUWANNEE,1.00%,FL
32062,Mc Alpin,SUWANNEE,1.00%,FL
32064,Live Oak,SUWANNEE,1.00%,FL
32071,O Brien,SUWANNEE,1.00%,FL
32094,Wellborn,SUWANNEE,1.00%,FL
32347,Perry,TAYLOR,1.00%,FL
32348,Perry,TAYLOR,1.00%,FL
32356,Salem,TAYLOR,1.00%,FL
32357,Shady Grove,TAYLOR,1.00%,FL
32359,Steinhatchee,TAYLOR,1.00%,FL
32026,Raiford,UNION,1.00%,FL
32054,Lake Butler,UNION,1.00%,FL
32083,Raiford,UNION,1.00%,FL
32697,Worthington Springs,UNION,1.00%,FL
32105,Barberville,VOLUSIA,0.50%,FL
32114,Daytona Beach,VOLUSIA,0.50%,FL
32115,Daytona Beach,VOLUSIA,0.50%,FL
32116,Daytona Beach,VOLUSIA,0.50%,FL
32117,Daytona Beach,VOLUSIA,0.50%,FL
32118,Daytona Beach,VOLUSIA,0.50%,FL
32119,Daytona Beach,VOLUSIA,0.50%,FL
32120,Daytona Beach,VOLUSIA,0.50%,FL
32121,Daytona Beach,VOLUSIA,0.50%,FL
32122,Daytona Beach,VOLUSIA,0.50%,FL
32123,Port Orange,VOLUSIA,0.50%,FL
32124,Daytona Beach,VOLUSIA,0.50%,FL
32125,Daytona Beach,VOLUSIA,0.50%,FL
32126,Daytona Beach,VOLUSIA,0.50%,FL
32127,Port Orange,VOLUSIA,0.50%,FL
32128,Port Orange,VOLUSIA,0.50%,FL
32129,Port Orange,VOLUSIA,0.50%,FL
32130,De Leon Springs,VOLUSIA,0.50%,FL
32132,Edgewater,VOLUSIA,0.50%,FL
32141,Edgewater,VOLUSIA,0.50%,FL
32168,New Smyrna Beach,VOLUSIA,0.50%,FL
32169,New Smyrna Beach,VOLUSIA,0.50%,FL
32170,New Smyrna Beach,VOLUSIA,0.50%,FL
32173,Ormond Beach,VOLUSIA,0.50%,FL
32174,Ormond Beach,VOLUSIA,0.50%,FL
32175,Ormond Beach,VOLUSIA,0.50%,FL
32176,Ormond Beach,VOLUSIA,0.50%,FL
32180,Pierson,VOLUSIA,0.50%,FL
32190,Seville,VOLUSIA,0.50%,FL
32198,Daytona Beach,VOLUSIA,0.50%,FL
32706,Cassadaga,VOLUSIA,0.50%,FL
32713,Debary,VOLUSIA,0.50%,FL
32720,Deland,VOLUSIA,0.50%,FL
32721,Deland,VOLUSIA,0.50%,FL
32722,Glenwood,VOLUSIA,0.50%,FL
32723,Deland,VOLUSIA,0.50%,FL
32724,Deland,VOLUSIA,0.50%,FL
32725,Deltona,VOLUSIA,0.50%,FL
32728,Deltona,VOLUSIA,0.50%,FL
32738,Deltona,VOLUSIA,0.50%,FL
32739,Deltona,VOLUSIA,0.50%,FL
32744,Lake Helen,VOLUSIA,0.50%,FL
32753,Debary,VOLUSIA,0.50%,FL
32759,Oak Hill,VOLUSIA,0.50%,FL
32763,Orange City,VOLUSIA,0.50%,FL
32764,Osteen,VOLUSIA,0.50%,FL
32774,Orange City,VOLUSIA,0.50%,FL
32326,Crawfordville,WAKULLA,1.00%,FL
32327,Crawfordville,WAKULLA,1.00%,FL
32346,Panacea,WAKULLA,1.00%,FL
32355,Saint Marks,WAKULLA,1.00%,FL
32358,Sopchoppy,WAKULLA,1.00%,FL
32422,Argyle,WALTON,1.00%,FL
32433,Defuniak Springs,WALTON,1.00%,FL
32434,Mossy Head,WALTON,1.00%,FL
32435,Defuniak Springs,WALTON,1.00%,FL
32439,Freeport,WALTON,1.00%,FL
32454,Point Washington,WALTON,1.00%,FL
32455,Ponce De Leon,WALTON,1.00%,FL
32459,Santa Rosa Beach,WALTON,1.00%,FL
32461,Rosemary Beach,WALTON,1.00%,FL
32538,Paxton,WALTON,1.00%,FL
32550,Miramar Beach,WALTON,1.00%,FL
32427,Caryville,WASHINGTON,1.00%,FL
32428,Chipley,WASHINGTON,1.00%,FL
32437,Ebro,WASHINGTON,1.00%,FL
32462,Vernon,WASHINGTON,1.00%,FL
32463,Wausau,WASHINGTON,1.00%,FL
