State,ZipCode,TaxRegionName,StateRate,EstimatedCombinedRate,EstimatedCountyRate,EstimatedCityRate,EstimatedSpecialRate,RiskLevel
FL,32601,Florida State and County,0.06,0.06000,0.00000,0,0,2
FL,32602,Florida State and County,0.06,0.06000,0.00000,0,0,2
FL,32603,Florida State and County,0.06,0.06000,0.00000,0,0,2
FL,32604,Florida State and County,0.06,0.06000,0.00000,0,0,2
FL,32605,Florida State and County,0.06,0.06000,0.00000,0,0,2
FL,32606,Florida State and County,0.06,0.06000,0.00000,0,0,2
FL,32607,Florida State and County,0.06,0.06000,0.00000,0,0,2
FL,32608,Florida State and County,0.06,0.06000,0.00000,0,0,2
FL,32609,Florida State and County,0.06,0.06000,0.00000,0,0,2
FL,32610,Florida State and County,0.06,0.06000,0.00000,0,0,2
FL,32611,Florida State and County,0.06,0.06000,0.00000,0,0,2
FL,32612,Florida State and County,0.06,0.06000,0.00000,0,0,2
FL,32613,Florida State and County,0.06,0.06000,0.00000,0,0,2
FL,32614,Florida State and County,0.06,0.06000,0.00000,0,0,2
FL,32615,Florida State and County,0.06,0.06000,0.00000,0,0,2
FL,32616,Florida State and County,0.06,0.06000,0.00000,0,0,2
FL,32618,Florida State and County,0.06,0.06000,0.00000,0,0,2
FL,32627,Florida State and County,0.06,0.06000,0.00000,0,0,2
FL,32631,Florida State and County,0.06,0.06000,0.00000,0,0,2
FL,32633,Florida State and County,0.06,0.06000,0.00000,0,0,2
FL,32635,Florida State and County,0.06,0.06000,0.00000,0,0,2
FL,32640,Florida State and County,0.06,0.06000,0.00000,0,0,2
FL,32641,Florida State and County,0.06,0.06000,0.00000,0,0,2
FL,32643,Florida State and County,0.06,0.06000,0.00000,0,0,2
FL,32653,Florida State and County,0.06,0.06000,0.00000,0,0,2
FL,32654,Florida State and County,0.06,0.06000,0.00000,0,0,2
FL,32655,Florida State and County,0.06,0.06000,0.00000,0,0,2
FL,32658,Florida State and County,0.06,0.06000,0.00000,0,0,2
FL,32662,Florida State and County,0.06,0.06000,0.00000,0,0,2
FL,32667,Florida State and County,0.06,0.06000,0.00000,0,0,2
FL,32669,Florida State and County,0.06,0.06000,0.00000,0,0,2
FL,32694,Florida State and County,0.06,0.06000,0.00000,0,0,2
FL,32040,Florida State and County,0.06,0.07000,0.01000,0,0,2
FL,32063,Florida State and County,0.06,0.07000,0.01000,0,0,2
FL,32072,Florida State and County,0.06,0.07000,0.01000,0,0,2
FL,32087,Florida State and County,0.06,0.07000,0.01000,0,0,2
FL,32401,Florida State and County,0.06,0.06500,0.00500,0,0,2
FL,32402,Florida State and County,0.06,0.06500,0.00500,0,0,2
FL,32403,Florida State and County,0.06,0.06500,0.00500,0,0,2
FL,32404,Florida State and County,0.06,0.06500,0.00500,0,0,2
FL,32405,Florida State and County,0.06,0.06500,0.00500,0,0,2
FL,32406,Florida State and County,0.06,0.06500,0.00500,0,0,2
FL,32407,Florida State and County,0.06,0.06500,0.00500,0,0,2
FL,32408,Florida State and County,0.06,0.06500,0.00500,0,0,2
FL,32409,Florida State and County,0.06,0.06500,0.00500,0,0,2
FL,32410,Florida State and County,0.06,0.06500,0.00500,0,0,2
FL,32411,Florida State and County,0.06,0.06500,0.00500,0,0,2
FL,32412,Florida State and County,0.06,0.06500,0.00500,0,0,2
FL,32413,Florida State and County,0.06,0.06500,0.00500,0,0,2
FL,32417,Florida State and County,0.06,0.06500,0.00500,0,0,2
FL,32438,Florida State and County,0.06,0.06500,0.00500,0,0,2
FL,32444,Florida State and County,0.06,0.06500,0.00500,0,0,2
FL,32466,Florida State and County,0.06,0.06500,0.00500,0,0,2
FL,32042,Florida State and County,0.06,0.07000,0.01000,0,0,2
FL,32044,Florida State and County,0.06,0.07000,0.01000,0,0,2
FL,32058,Florida State and County,0.06,0.07000,0.01000,0,0,2
FL,32091,Florida State and County,0.06,0.07000,0.01000,0,0,2
FL,32622,Florida State and County,0.06,0.07000,0.01000,0,0,2
FL,32754,Florida State and County,0.06,0.06500,0.00500,0,0,2
FL,32775,Florida State and County,0.06,0.06500,0.00500,0,0,2
FL,32780,Florida State and County,0.06,0.06500,0.00500,0,0,2
FL,32781,Florida State and County,0.06,0.06500,0.00500,0,0,2
FL,32782,Florida State and County,0.06,0.06500,0.00500,0,0,2
FL,32783,Florida State and County,0.06,0.06500,0.00500,0,0,2
FL,32796,Florida State and County,0.06,0.06500,0.00500,0,0,2
FL,32815,Florida State and County,0.06,0.06500,0.00500,0,0,2
FL,32899,Florida State and County,0.06,0.06500,0.00500,0,0,2
FL,32901,Florida State and County,0.06,0.06500,0.00500,0,0,2
FL,32902,Florida State and County,0.06,0.06500,0.00500,0,0,2
FL,32903,Florida State and County,0.06,0.06500,0.00500,0,0,2
FL,32904,Florida State and County,0.06,0.06500,0.00500,0,0,2
FL,32905,Florida State and County,0.06,0.06500,0.00500,0,0,2
FL,32906,Florida State and County,0.06,0.06500,0.00500,0,0,2
FL,32907,Florida State and County,0.06,0.06500,0.00500,0,0,2
FL,32908,Florida State and County,0.06,0.06500,0.00500,0,0,2
FL,32909,Florida State and County,0.06,0.06500,0.00500,0,0,2
FL,32910,Florida State and County,0.06,0.06500,0.00500,0,0,2
FL,32911,Florida State and County,0.06,0.06500,0.00500,0,0,2
FL,32912,Florida State and County,0.06,0.06500,0.00500,0,0,2
FL,32919,Florida State and County,0.06,0.06500,0.00500,0,0,2
FL,32920,Florida State and County,0.06,0.06500,0.00500,0,0,2
FL,32922,Florida State and County,0.06,0.06500,0.00500,0,0,2
FL,32923,Florida State and County,0.06,0.06500,0.00500,0,0,2
FL,32924,Florida State and County,0.06,0.06500,0.00500,0,0,2
FL,32925,Florida State and County,0.06,0.06500,0.00500,0,0,2
FL,32926,Florida State and County,0.06,0.06500,0.00500,0,0,2
FL,32927,Florida State and County,0.06,0.06500,0.00500,0,0,2
FL,32931,Florida State and County,0.06,0.06500,0.00500,0,0,2
FL,32932,Florida State and County,0.06,0.06500,0.00500,0,0,2
FL,32934,Florida State and County,0.06,0.06500,0.00500,0,0,2
FL,32935,Florida State and County,0.06,0.06500,0.00500,0,0,2
FL,32936,Florida State and County,0.06,0.06500,0.00500,0,0,2
FL,32937,Florida State and County,0.06,0.06500,0.00500,0,0,2
FL,32940,Florida State and County,0.06,0.06500,0.00500,0,0,2
FL,32941,Florida State and County,0.06,0.06500,0.00500,0,0,2
FL,32949,Florida State and County,0.06,0.06500,0.00500,0,0,2
FL,32950,Florida State and County,0.06,0.06500,0.00500,0,0,2
FL,32951,Florida State and County,0.06,0.06500,0.00500,0,0,2
FL,32952,Florida State and County,0.06,0.06500,0.00500,0,0,2
FL,32953,Florida State and County,0.06,0.06500,0.00500,0,0,2
FL,32954,Florida State and County,0.06,0.06500,0.00500,0,0,2
FL,32955,Florida State and County,0.06,0.06500,0.00500,0,0,2
FL,32956,Florida State and County,0.06,0.06500,0.00500,0,0,2
FL,32959,Florida State and County,0.06,0.06500,0.00500,0,0,2
FL,32976,Florida State and County,0.06,0.06500,0.00500,0,0,2
FL,33004,Florida State and County,0.06,0.06000,0.00000,0,0,2
FL,33008,Florida State and County,0.06,0.06000,0.00000,0,0,2
FL,33009,Florida State and County,0.06,0.06000,0.00000,0,0,2
FL,33019,Florida State and County,0.06,0.06000,0.00000,0,0,2
FL,33020,Florida State and County,0.06,0.06000,0.00000,0,0,2
FL,33021,Florida State and County,0.06,0.06000,0.00000,0,0,2
FL,33022,Florida State and County,0.06,0.06000,0.00000,0,0,2
FL,33023,Florida State and County,0.06,0.06000,0.00000,0,0,2
FL,33024,Florida State and County,0.06,0.06000,0.00000,0,0,2
FL,33025,Florida State and County,0.06,0.06000,0.00000,0,0,2
FL,33026,Florida State and County,0.06,0.06000,0.00000,0,0,2
FL,33027,Florida State and County,0.06,0.06000,0.00000,0,0,2
FL,33028,Florida State and County,0.06,0.06000,0.00000,0,0,2
FL,33029,Florida State and County,0.06,0.06000,0.00000,0,0,2
FL,33060,Florida State and County,0.06,0.06000,0.00000,0,0,2
FL,33061,Florida State and County,0.06,0.06000,0.00000,0,0,2
FL,33062,Florida State and County,0.06,0.06000,0.00000,0,0,2
FL,33063,Florida State and County,0.06,0.06000,0.00000,0,0,2
FL,33064,Florida State and County,0.06,0.06000,0.00000,0,0,2
FL,33065,Florida State and County,0.06,0.06000,0.00000,0,0,2
FL,33066,Florida State and County,0.06,0.06000,0.00000,0,0,2
FL,33067,Florida State and County,0.06,0.06000,0.00000,0,0,2
FL,33068,Florida State and County,0.06,0.06000,0.00000,0,0,2
FL,33069,Florida State and County,0.06,0.06000,0.00000,0,0,2
FL,33071,Florida State and County,0.06,0.06000,0.00000,0,0,2
FL,33072,Florida State and County,0.06,0.06000,0.00000,0,0,2
FL,33073,Florida State and County,0.06,0.06000,0.00000,0,0,2
FL,33074,Florida State and County,0.06,0.06000,0.00000,0,0,2
FL,33075,Florida State and County,0.06,0.06000,0.00000,0,0,2
FL,33076,Florida State and County,0.06,0.06000,0.00000,0,0,2
FL,33077,Florida State and County,0.06,0.06000,0.00000,0,0,2
FL,33081,Florida State and County,0.06,0.06000,0.00000,0,0,2
FL,33082,Florida State and County,0.06,0.06000,0.00000,0,0,2
FL,33083,Florida State and County,0.06,0.06000,0.00000,0,0,2
FL,33084,Florida State and County,0.06,0.06000,0.00000,0,0,2
FL,33093,Florida State and County,0.06,0.06000,0.00000,0,0,2
FL,33093,Florida State and County,0.06,0.06000,0.00000,0,0,2
FL,33097,Florida State and County,0.06,0.06000,0.00000,0,0,2
FL,33301,Florida State and County,0.06,0.06000,0.00000,0,0,2
FL,33302,Florida State and County,0.06,0.06000,0.00000,0,0,2
FL,33303,Florida State and County,0.06,0.06000,0.00000,0,0,2
FL,33304,Florida State and County,0.06,0.06000,0.00000,0,0,2
FL,33305,Florida State and County,0.06,0.06000,0.00000,0,0,2
FL,33306,Florida State and County,0.06,0.06000,0.00000,0,0,2
FL,33307,Florida State and County,0.06,0.06000,0.00000,0,0,2
FL,33308,Florida State and County,0.06,0.06000,0.00000,0,0,2
FL,33309,Florida State and County,0.06,0.06000,0.00000,0,0,2
FL,33310,Florida State and County,0.06,0.06000,0.00000,0,0,2
FL,33311,Florida State and County,0.06,0.06000,0.00000,0,0,2
FL,33312,Florida State and County,0.06,0.06000,0.00000,0,0,2
FL,33313,Florida State and County,0.06,0.06000,0.00000,0,0,2
FL,33314,Florida State and County,0.06,0.06000,0.00000,0,0,2
FL,33315,Florida State and County,0.06,0.06000,0.00000,0,0,2
FL,33316,Florida State and County,0.06,0.06000,0.00000,0,0,2
FL,33317,Florida State and County,0.06,0.06000,0.00000,0,0,2
FL,33318,Florida State and County,0.06,0.06000,0.00000,0,0,2
FL,33319,Florida State and County,0.06,0.06000,0.00000,0,0,2
FL,33320,Florida State and County,0.06,0.06000,0.00000,0,0,2
FL,33321,Florida State and County,0.06,0.06000,0.00000,0,0,2
FL,33322,Florida State and County,0.06,0.06000,0.00000,0,0,2
FL,33323,Florida State and County,0.06,0.06000,0.00000,0,0,2
FL,33324,Florida State and County,0.06,0.06000,0.00000,0,0,2
FL,33325,Florida State and County,0.06,0.06000,0.00000,0,0,2
FL,33326,Florida State and County,0.06,0.06000,0.00000,0,0,2
FL,33327,Florida State and County,0.06,0.06000,0.00000,0,0,2
FL,33328,Florida State and County,0.06,0.06000,0.00000,0,0,2
FL,33329,Florida State and County,0.06,0.06000,0.00000,0,0,2
FL,33330,Florida State and County,0.06,0.06000,0.00000,0,0,2
FL,33331,Florida State and County,0.06,0.06000,0.00000,0,0,2
FL,33332,Florida State and County,0.06,0.06000,0.00000,0,0,2
FL,33334,Florida State and County,0.06,0.06000,0.00000,0,0,2
FL,33335,Florida State and County,0.06,0.06000,0.00000,0,0,2
FL,33336,Florida State and County,0.06,0.06000,0.00000,0,0,2
FL,33337,Florida State and County,0.06,0.06000,0.00000,0,0,2
FL,33338,Florida State and County,0.06,0.06000,0.00000,0,0,2
FL,33339,Florida State and County,0.06,0.06000,0.00000,0,0,2
FL,33340,Florida State and County,0.06,0.06000,0.00000,0,0,2
FL,33345,Florida State and County,0.06,0.06000,0.00000,0,0,2
FL,33346,Florida State and County,0.06,0.06000,0.00000,0,0,2
FL,33348,Florida State and County,0.06,0.06000,0.00000,0,0,2
FL,33349,Florida State and County,0.06,0.06000,0.00000,0,0,2
FL,33351,Florida State and County,0.06,0.06000,0.00000,0,0,2
FL,33355,Florida State and County,0.06,0.06000,0.00000,0,0,2
FL,33359,Florida State and County,0.06,0.06000,0.00000,0,0,2
FL,33388,Florida State and County,0.06,0.06000,0.00000,0,0,2
FL,33394,Florida State and County,0.06,0.06000,0.00000,0,0,2
FL,33441,Florida State and County,0.06,0.06000,0.00000,0,0,2
FL,33442,Florida State and County,0.06,0.06000,0.00000,0,0,2
FL,33443,Florida State and County,0.06,0.06000,0.00000,0,0,2
FL,32421,Florida State and County,0.06,0.07500,0.01500,0,0,2
FL,32424,Florida State and County,0.06,0.07500,0.01500,0,0,2
FL,32430,Florida State and County,0.06,0.07500,0.01500,0,0,2
FL,32449,Florida State and County,0.06,0.07500,0.01500,0,0,2
FL,33927,Florida State and County,0.06,0.07000,0.01000,0,0,2
FL,33938,Florida State and County,0.06,0.07000,0.01000,0,0,2
FL,33946,Florida State and County,0.06,0.07000,0.01000,0,0,2
FL,33947,Florida State and County,0.06,0.07000,0.01000,0,0,2
FL,33948,Florida State and County,0.06,0.07000,0.01000,0,0,2
FL,33949,Florida State and County,0.06,0.07000,0.01000,0,0,2
FL,33950,Florida State and County,0.06,0.07000,0.01000,0,0,2
FL,33951,Florida State and County,0.06,0.07000,0.01000,0,0,2
FL,33952,Florida State and County,0.06,0.07000,0.01000,0,0,2
FL,33953,Florida State and County,0.06,0.07000,0.01000,0,0,2
FL,33954,Florida State and County,0.06,0.07000,0.01000,0,0,2
FL,33955,Florida State and County,0.06,0.07000,0.01000,0,0,2
FL,33980,Florida State and County,0.06,0.07000,0.01000,0,0,2
FL,33981,Florida State and County,0.06,0.07000,0.01000,0,0,2
FL,33982,Florida State and County,0.06,0.07000,0.01000,0,0,2
FL,33983,Florida State and County,0.06,0.07000,0.01000,0,0,2
FL,34224,Florida State and County,0.06,0.07000,0.01000,0,0,2
FL,34423,Florida State and County,0.06,0.06000,0.00000,0,0,2
FL,34428,Florida State and County,0.06,0.06000,0.00000,0,0,2
FL,34429,Florida State and County,0.06,0.06000,0.00000,0,0,2
FL,34433,Florida State and County,0.06,0.06000,0.00000,0,0,2
FL,34434,Florida State and County,0.06,0.06000,0.00000,0,0,2
FL,34436,Florida State and County,0.06,0.06000,0.00000,0,0,2
FL,34442,Florida State and County,0.06,0.06000,0.00000,0,0,2
FL,34445,Florida State and County,0.06,0.06000,0.00000,0,0,2
FL,34446,Florida State and County,0.06,0.06000,0.00000,0,0,2
FL,34447,Florida State and County,0.06,0.06000,0.00000,0,0,2
FL,34448,Florida State and County,0.06,0.06000,0.00000,0,0,2
FL,34450,Florida State and County,0.06,0.06000,0.00000,0,0,2
FL,34451,Florida State and County,0.06,0.06000,0.00000,0,0,2
FL,34452,Florida State and County,0.06,0.06000,0.00000,0,0,2
FL,34453,Florida State and County,0.06,0.06000,0.00000,0,0,2
FL,34460,Florida State and County,0.06,0.06000,0.00000,0,0,2
FL,34461,Florida State and County,0.06,0.06000,0.00000,0,0,2
FL,34464,Florida State and County,0.06,0.06000,0.00000,0,0,2
FL,34465,Florida State and County,0.06,0.06000,0.00000,0,0,2
FL,34487,Florida State and County,0.06,0.06000,0.00000,0,0,2
FL,32003,Florida State and County,0.06,0.07000,0.01000,0,0,2
FL,32006,Florida State and County,0.06,0.07000,0.01000,0,0,2
FL,32030,Florida State and County,0.06,0.07000,0.01000,0,0,2
FL,32043,Florida State and County,0.06,0.07000,0.01000,0,0,2
FL,32050,Florida State and County,0.06,0.07000,0.01000,0,0,2
FL,32065,Florida State and County,0.06,0.07000,0.01000,0,0,2
FL,32067,Florida State and County,0.06,0.07000,0.01000,0,0,2
FL,32068,Florida State and County,0.06,0.07000,0.01000,0,0,2
FL,32073,Florida State and County,0.06,0.07000,0.01000,0,0,2
FL,32079,Florida State and County,0.06,0.07000,0.01000,0,0,2
FL,32160,Florida State and County,0.06,0.07000,0.01000,0,0,2
FL,32656,Florida State and County,0.06,0.07000,0.01000,0,0,2
FL,34101,Florida State and County,0.06,0.06000,0.00000,0,0,2
FL,34102,Florida State and County,0.06,0.06000,0.00000,0,0,2
FL,34103,Florida State and County,0.06,0.06000,0.00000,0,0,2
FL,34104,Florida State and County,0.06,0.06000,0.00000,0,0,2
FL,34105,Florida State and County,0.06,0.06000,0.00000,0,0,2
FL,34106,Florida State and County,0.06,0.06000,0.00000,0,0,2
FL,34107,Florida State and County,0.06,0.06000,0.00000,0,0,2
FL,34108,Florida State and County,0.06,0.06000,0.00000,0,0,2
FL,34109,Florida State and County,0.06,0.06000,0.00000,0,0,2
FL,34110,Florida State and County,0.06,0.06000,0.00000,0,0,2
FL,34112,Florida State and County,0.06,0.06000,0.00000,0,0,2
FL,34113,Florida State and County,0.06,0.06000,0.00000,0,0,2
FL,34114,Florida State and County,0.06,0.06000,0.00000,0,0,2
FL,34116,Florida State and County,0.06,0.06000,0.00000,0,0,2
FL,34117,Florida State and County,0.06,0.06000,0.00000,0,0,2
FL,34119,Florida State and County,0.06,0.06000,0.00000,0,0,2
FL,34120,Florida State and County,0.06,0.06000,0.00000,0,0,2
FL,34137,Florida State and County,0.06,0.06000,0.00000,0,0,2
FL,34138,Florida State and County,0.06,0.06000,0.00000,0,0,2
FL,34139,Florida State and County,0.06,0.06000,0.00000,0,0,2
FL,34140,Florida State and County,0.06,0.06000,0.00000,0,0,2
FL,34142,Florida State and County,0.06,0.06000,0.00000,0,0,2
FL,34143,Florida State and County,0.06,0.06000,0.00000,0,0,2
FL,34145,Florida State and County,0.06,0.06000,0.00000,0,0,2
FL,34146,Florida State and County,0.06,0.06000,0.00000,0,0,2
FL,32024,Florida State and County,0.06,0.07000,0.01000,0,0,2
FL,32025,Florida State and County,0.06,0.07000,0.01000,0,0,2
FL,32038,Florida State and County,0.06,0.07000,0.01000,0,0,2
FL,32055,Florida State and County,0.06,0.07000,0.01000,0,0,2
FL,32056,Florida State and County,0.06,0.07000,0.01000,0,0,2
FL,32061,Florida State and County,0.06,0.07000,0.01000,0,0,2
FL,34265,Florida State and County,0.06,0.07500,0.01500,0,0,2
FL,34266,Florida State and County,0.06,0.07500,0.01500,0,0,2
FL,34267,Florida State and County,0.06,0.07500,0.01500,0,0,2
FL,34268,Florida State and County,0.06,0.07500,0.01500,0,0,2
FL,34269,Florida State and County,0.06,0.07500,0.01500,0,0,2
FL,32628,Florida State and County,0.06,0.07000,0.01000,0,0,2
FL,32648,Florida State and County,0.06,0.07000,0.01000,0,0,2
FL,32680,Florida State and County,0.06,0.07000,0.01000,0,0,2
FL,32692,Florida State and County,0.06,0.07000,0.01000,0,0,2
FL,32099,Florida State and County,0.06,0.07000,0.01000,0,0,2
FL,32201,Florida State and County,0.06,0.07000,0.01000,0,0,2
FL,32202,Florida State and County,0.06,0.07000,0.01000,0,0,2
FL,32203,Florida State and County,0.06,0.07000,0.01000,0,0,2
FL,32204,Florida State and County,0.06,0.07000,0.01000,0,0,2
FL,32205,Florida State and County,0.06,0.07000,0.01000,0,0,2
FL,32206,Florida State and County,0.06,0.07000,0.01000,0,0,2
FL,32207,Florida State and County,0.06,0.07000,0.01000,0,0,2
FL,32208,Florida State and County,0.06,0.07000,0.01000,0,0,2
FL,32209,Florida State and County,0.06,0.07000,0.01000,0,0,2
FL,32210,Florida State and County,0.06,0.07000,0.01000,0,0,2
FL,32211,Florida State and County,0.06,0.07000,0.01000,0,0,2
FL,32212,Florida State and County,0.06,0.07000,0.01000,0,0,2
FL,32214,Florida State and County,0.06,0.07000,0.01000,0,0,2
FL,32215,Florida State and County,0.06,0.07000,0.01000,0,0,2
FL,32216,Florida State and County,0.06,0.07000,0.01000,0,0,2
FL,32217,Florida State and County,0.06,0.07000,0.01000,0,0,2
FL,32218,Florida State and County,0.06,0.07000,0.01000,0,0,2
FL,32219,Florida State and County,0.06,0.07000,0.01000,0,0,2
FL,32220,Florida State and County,0.06,0.07000,0.01000,0,0,2
FL,32221,Florida State and County,0.06,0.07000,0.01000,0,0,2
FL,32222,Florida State and County,0.06,0.07000,0.01000,0,0,2
FL,32223,Florida State and County,0.06,0.07000,0.01000,0,0,2
FL,32224,Florida State and County,0.06,0.07000,0.01000,0,0,2
FL,32225,Florida State and County,0.06,0.07000,0.01000,0,0,2
FL,32226,Florida State and County,0.06,0.07000,0.01000,0,0,2
FL,32227,Florida State and County,0.06,0.07000,0.01000,0,0,2
FL,32228,Florida State and County,0.06,0.07000,0.01000,0,0,2
FL,32229,Florida State and County,0.06,0.07000,0.01000,0,0,2
FL,32230,Florida State and County,0.06,0.07000,0.01000,0,0,2
FL,32231,Florida State and County,0.06,0.07000,0.01000,0,0,2
FL,32232,Florida State and County,0.06,0.07000,0.01000,0,0,2
FL,32233,Florida State and County,0.06,0.07000,0.01000,0,0,2
FL,32234,Florida State and County,0.06,0.07000,0.01000,0,0,2
FL,32235,Florida State and County,0.06,0.07000,0.01000,0,0,2
FL,32236,Florida State and County,0.06,0.07000,0.01000,0,0,2
FL,32237,Florida State and County,0.06,0.07000,0.01000,0,0,2
FL,32238,Florida State and County,0.06,0.07000,0.01000,0,0,2
FL,32239,Florida State and County,0.06,0.07000,0.01000,0,0,2
FL,32240,Florida State and County,0.06,0.07000,0.01000,0,0,2
FL,32241,Florida State and County,0.06,0.07000,0.01000,0,0,2
FL,32244,Florida State and County,0.06,0.07000,0.01000,0,0,2
FL,32245,Florida State and County,0.06,0.07000,0.01000,0,0,2
FL,32246,Florida State and County,0.06,0.07000,0.01000,0,0,2
FL,32247,Florida State and County,0.06,0.07000,0.01000,0,0,2
FL,32250,Florida State and County,0.06,0.07000,0.01000,0,0,2
FL,32254,Florida State and County,0.06,0.07000,0.01000,0,0,2
FL,32255,Florida State and County,0.06,0.07000,0.01000,0,0,2
FL,32256,Florida State and County,0.06,0.07000,0.01000,0,0,2
FL,32257,Florida State and County,0.06,0.07000,0.01000,0,0,2
FL,32258,Florida State and County,0.06,0.07000,0.01000,0,0,2
FL,32266,Florida State and County,0.06,0.07000,0.01000,0,0,2
FL,32267,Florida State and County,0.06,0.07000,0.01000,0,0,2
FL,32277,Florida State and County,0.06,0.07000,0.01000,0,0,2
FL,32290,Florida State and County,0.06,0.07000,0.01000,0,0,2
FL,32501,Florida State and County,0.06,0.07500,0.01500,0,0,2
FL,32502,Florida State and County,0.06,0.07500,0.01500,0,0,2
FL,32503,Florida State and County,0.06,0.07500,0.01500,0,0,2
FL,32504,Florida State and County,0.06,0.07500,0.01500,0,0,2
FL,32505,Florida State and County,0.06,0.07500,0.01500,0,0,2
FL,32506,Florida State and County,0.06,0.07500,0.01500,0,0,2
FL,32507,Florida State and County,0.06,0.07500,0.01500,0,0,2
FL,32508,Florida State and County,0.06,0.07500,0.01500,0,0,2
FL,32509,Florida State and County,0.06,0.07500,0.01500,0,0,2
FL,32511,Florida State and County,0.06,0.07500,0.01500,0,0,2
FL,32512,Florida State and County,0.06,0.07500,0.01500,0,0,2
FL,32513,Florida State and County,0.06,0.07500,0.01500,0,0,2
FL,32514,Florida State and County,0.06,0.07500,0.01500,0,0,2
FL,32516,Florida State and County,0.06,0.07500,0.01500,0,0,2
FL,32520,Florida State and County,0.06,0.07500,0.01500,0,0,2
FL,32521,Florida State and County,0.06,0.07500,0.01500,0,0,2
FL,32522,Florida State and County,0.06,0.07500,0.01500,0,0,2
FL,32523,Florida State and County,0.06,0.07500,0.01500,0,0,2
FL,32524,Florida State and County,0.06,0.07500,0.01500,0,0,2
FL,32526,Florida State and County,0.06,0.07500,0.01500,0,0,2
FL,32533,Florida State and County,0.06,0.07500,0.01500,0,0,2
FL,32534,Florida State and County,0.06,0.07500,0.01500,0,0,2
FL,32535,Florida State and County,0.06,0.07500,0.01500,0,0,2
FL,32559,Florida State and County,0.06,0.07500,0.01500,0,0,2
FL,32560,Florida State and County,0.06,0.07500,0.01500,0,0,2
FL,32568,Florida State and County,0.06,0.07500,0.01500,0,0,2
FL,32577,Florida State and County,0.06,0.07500,0.01500,0,0,2
FL,32590,Florida State and County,0.06,0.07500,0.01500,0,0,2
FL,32591,Florida State and County,0.06,0.07500,0.01500,0,0,2
FL,32592,Florida State and County,0.06,0.07500,0.01500,0,0,2
FL,32110,Florida State and County,0.06,0.07000,0.01000,0,0,2
FL,32135,Florida State and County,0.06,0.07000,0.01000,0,0,2
FL,32136,Florida State and County,0.06,0.07000,0.01000,0,0,2
FL,32137,Florida State and County,0.06,0.07000,0.01000,0,0,2
FL,32142,Florida State and County,0.06,0.07000,0.01000,0,0,2
FL,32164,Florida State and County,0.06,0.07000,0.01000,0,0,2
FL,32320,Florida State and County,0.06,0.07000,0.01000,0,0,2
FL,32322,Florida State and County,0.06,0.07000,0.01000,0,0,2
FL,32323,Florida State and County,0.06,0.07000,0.01000,0,0,2
FL,32328,Florida State and County,0.06,0.07000,0.01000,0,0,2
FL,32329,Florida State and County,0.06,0.07000,0.01000,0,0,2
FL,32324,Florida State and County,0.06,0.07500,0.01500,0,0,2
FL,32330,Florida State and County,0.06,0.07500,0.01500,0,0,2
FL,32332,Florida State and County,0.06,0.07500,0.01500,0,0,2
FL,32333,Florida State and County,0.06,0.07500,0.01500,0,0,2
FL,32343,Florida State and County,0.06,0.07500,0.01500,0,0,2
FL,32351,Florida State and County,0.06,0.07500,0.01500,0,0,2
FL,32352,Florida State and County,0.06,0.07500,0.01500,0,0,2
FL,32353,Florida State and County,0.06,0.07500,0.01500,0,0,2
FL,32619,Florida State and County,0.06,0.07000,0.01000,0,0,2
FL,32693,Florida State and County,0.06,0.07000,0.01000,0,0,2
FL,33471,Florida State and County,0.06,0.07000,0.01000,0,0,2
FL,33944,Florida State and County,0.06,0.07000,0.01000,0,0,2
FL,32456,Florida State and County,0.06,0.07000,0.01000,0,0,2
FL,32457,Florida State and County,0.06,0.07000,0.01000,0,0,2
FL,32465,Florida State and County,0.06,0.07000,0.01000,0,0,2
FL,32052,Florida State and County,0.06,0.07000,0.01000,0,0,2
FL,32053,Florida State and County,0.06,0.07000,0.01000,0,0,2
FL,32096,Florida State and County,0.06,0.07000,0.01000,0,0,2
FL,33834,Florida State and County,0.06,0.07000,0.01000,0,0,2
FL,33865,Florida State and County,0.06,0.07000,0.01000,0,0,2
FL,33873,Florida State and County,0.06,0.07000,0.01000,0,0,2
FL,33890,Florida State and County,0.06,0.07000,0.01000,0,0,2
FL,33440,Florida State and County,0.06,0.07000,0.01000,0,0,2
FL,33930,Florida State and County,0.06,0.07000,0.01000,0,0,2
FL,33935,Florida State and County,0.06,0.07000,0.01000,0,0,2
FL,33975,Florida State and County,0.06,0.07000,0.01000,0,0,2
FL,34601,Florida State and County,0.06,0.06500,0.00500,0,0,2
FL,34602,Florida State and County,0.06,0.06500,0.00500,0,0,2
FL,34603,Florida State and County,0.06,0.06500,0.00500,0,0,2
FL,34604,Florida State and County,0.06,0.06500,0.00500,0,0,2
FL,34605,Florida State and County,0.06,0.06500,0.00500,0,0,2
FL,34606,Florida State and County,0.06,0.06500,0.00500,0,0,2
FL,34607,Florida State and County,0.06,0.06500,0.00500,0,0,2
FL,34608,Florida State and County,0.06,0.06500,0.00500,0,0,2
FL,34609,Florida State and County,0.06,0.06500,0.00500,0,0,2
FL,34611,Florida State and County,0.06,0.06500,0.00500,0,0,2
FL,34613,Florida State and County,0.06,0.06500,0.00500,0,0,2
FL,34614,Florida State and County,0.06,0.06500,0.00500,0,0,2
FL,34636,Florida State and County,0.06,0.06500,0.00500,0,0,2
FL,34661,Florida State and County,0.06,0.06500,0.00500,0,0,2
FL,33825,Florida State and County,0.06,0.07000,0.01000,0,0,2
FL,33826,Florida State and County,0.06,0.07000,0.01000,0,0,2
FL,33852,Florida State and County,0.06,0.07000,0.01000,0,0,2
FL,33857,Florida State and County,0.06,0.07000,0.01000,0,0,2
FL,33862,Florida State and County,0.06,0.07000,0.01000,0,0,2
FL,33870,Florida State and County,0.06,0.07000,0.01000,0,0,2
FL,33871,Florida State and County,0.06,0.07000,0.01000,0,0,2
FL,33872,Florida State and County,0.06,0.07000,0.01000,0,0,2
FL,33875,Florida State and County,0.06,0.07000,0.01000,0,0,2
FL,33876,Florida State and County,0.06,0.07000,0.01000,0,0,2
FL,33960,Florida State and County,0.06,0.07000,0.01000,0,0,2
FL,33503,Florida State and County,0.06,0.07000,0.01000,0,0,2
FL,33508,Florida State and County,0.06,0.07000,0.01000,0,0,2
FL,33509,Florida State and County,0.06,0.07000,0.01000,0,0,2
FL,33510,Florida State and County,0.06,0.07000,0.01000,0,0,2
FL,33511,Florida State and County,0.06,0.07000,0.01000,0,0,2
FL,33527,Florida State and County,0.06,0.07000,0.01000,0,0,2
FL,33530,Florida State and County,0.06,0.07000,0.01000,0,0,2
FL,33534,Florida State and County,0.06,0.07000,0.01000,0,0,2
FL,33547,Florida State and County,0.06,0.07000,0.01000,0,0,2
FL,33548,Florida State and County,0.06,0.07000,0.01000,0,0,2
FL,33549,Florida State and County,0.06,0.07000,0.01000,0,0,2
FL,33550,Florida State and County,0.06,0.07000,0.01000,0,0,2
FL,33556,Florida State and County,0.06,0.07000,0.01000,0,0,2
FL,33558,Florida State and County,0.06,0.07000,0.01000,0,0,2
FL,33559,Florida State and County,0.06,0.07000,0.01000,0,0,2
FL,33563,Florida State and County,0.06,0.07000,0.01000,0,0,2
FL,33564,Florida State and County,0.06,0.07000,0.01000,0,0,2
FL,33565,Florida State and County,0.06,0.07000,0.01000,0,0,2
FL,33566,Florida State and County,0.06,0.07000,0.01000,0,0,2
FL,33567,Florida State and County,0.06,0.07000,0.01000,0,0,2
FL,33568,Florida State and County,0.06,0.07000,0.01000,0,0,2
FL,33569,Florida State and County,0.06,0.07000,0.01000,0,0,2
FL,33570,Florida State and County,0.06,0.07000,0.01000,0,0,2
FL,33571,Florida State and County,0.06,0.07000,0.01000,0,0,2
FL,33572,Florida State and County,0.06,0.07000,0.01000,0,0,2
FL,33573,Florida State and County,0.06,0.07000,0.01000,0,0,2
FL,33575,Florida State and County,0.06,0.07000,0.01000,0,0,2
FL,33583,Florida State and County,0.06,0.07000,0.01000,0,0,2
FL,33584,Florida State and County,0.06,0.07000,0.01000,0,0,2
FL,33586,Florida State and County,0.06,0.07000,0.01000,0,0,2
FL,33587,Florida State and County,0.06,0.07000,0.01000,0,0,2
FL,33592,Florida State and County,0.06,0.07000,0.01000,0,0,2
FL,33594,Florida State and County,0.06,0.07000,0.01000,0,0,2
FL,33595,Florida State and County,0.06,0.07000,0.01000,0,0,2
FL,33598,Florida State and County,0.06,0.07000,0.01000,0,0,2
FL,33601,Florida State and County,0.06,0.07000,0.01000,0,0,2
FL,33602,Florida State and County,0.06,0.07000,0.01000,0,0,2
FL,33603,Florida State and County,0.06,0.07000,0.01000,0,0,2
FL,33604,Florida State and County,0.06,0.07000,0.01000,0,0,2
FL,33605,Florida State and County,0.06,0.07000,0.01000,0,0,2
FL,33606,Florida State and County,0.06,0.07000,0.01000,0,0,2
FL,33607,Florida State and County,0.06,0.07000,0.01000,0,0,2
FL,33608,Florida State and County,0.06,0.07000,0.01000,0,0,2
FL,33609,Florida State and County,0.06,0.07000,0.01000,0,0,2
FL,33610,Florida State and County,0.06,0.07000,0.01000,0,0,2
FL,33611,Florida State and County,0.06,0.07000,0.01000,0,0,2
FL,33612,Florida State and County,0.06,0.07000,0.01000,0,0,2
FL,33613,Florida State and County,0.06,0.07000,0.01000,0,0,2
FL,33614,Florida State and County,0.06,0.07000,0.01000,0,0,2
FL,33615,Florida State and County,0.06,0.07000,0.01000,0,0,2
FL,33616,Florida State and County,0.06,0.07000,0.01000,0,0,2
FL,33617,Florida State and County,0.06,0.07000,0.01000,0,0,2
FL,33618,Florida State and County,0.06,0.07000,0.01000,0,0,2
FL,33619,Florida State and County,0.06,0.07000,0.01000,0,0,2
FL,33620,Florida State and County,0.06,0.07000,0.01000,0,0,2
FL,33621,Florida State and County,0.06,0.07000,0.01000,0,0,2
FL,33622,Florida State and County,0.06,0.07000,0.01000,0,0,2
FL,33623,Florida State and County,0.06,0.07000,0.01000,0,0,2
FL,33624,Florida State and County,0.06,0.07000,0.01000,0,0,2
FL,33625,Florida State and County,0.06,0.07000,0.01000,0,0,2
FL,33626,Florida State and County,0.06,0.07000,0.01000,0,0,2
FL,33629,Florida State and County,0.06,0.07000,0.01000,0,0,2
FL,33630,Florida State and County,0.06,0.07000,0.01000,0,0,2
FL,33631,Florida State and County,0.06,0.07000,0.01000,0,0,2
FL,33633,Florida State and County,0.06,0.07000,0.01000,0,0,2
FL,33634,Florida State and County,0.06,0.07000,0.01000,0,0,2
FL,33635,Florida State and County,0.06,0.07000,0.01000,0,0,2
FL,33637,Florida State and County,0.06,0.07000,0.01000,0,0,2
FL,33647,Florida State and County,0.06,0.07000,0.01000,0,0,2
FL,33650,Florida State and County,0.06,0.07000,0.01000,0,0,2
FL,33651,Florida State and County,0.06,0.07000,0.01000,0,0,2
FL,33655,Florida State and County,0.06,0.07000,0.01000,0,0,2
FL,33660,Florida State and County,0.06,0.07000,0.01000,0,0,2
FL,33661,Florida State and County,0.06,0.07000,0.01000,0,0,2
FL,33662,Florida State and County,0.06,0.07000,0.01000,0,0,2
FL,33663,Florida State and County,0.06,0.07000,0.01000,0,0,2
FL,33664,Florida State and County,0.06,0.07000,0.01000,0,0,2
FL,33672,Florida State and County,0.06,0.07000,0.01000,0,0,2
FL,33673,Florida State and County,0.06,0.07000,0.01000,0,0,2
FL,33674,Florida State and County,0.06,0.07000,0.01000,0,0,2
FL,33675,Florida State and County,0.06,0.07000,0.01000,0,0,2
FL,33677,Florida State and County,0.06,0.07000,0.01000,0,0,2
FL,33679,Florida State and County,0.06,0.07000,0.01000,0,0,2
FL,33680,Florida State and County,0.06,0.07000,0.01000,0,0,2
FL,33681,Florida State and County,0.06,0.07000,0.01000,0,0,2
FL,33682,Florida State and County,0.06,0.07000,0.01000,0,0,2
FL,33684,Florida State and County,0.06,0.07000,0.01000,0,0,2
FL,33685,Florida State and County,0.06,0.07000,0.01000,0,0,2
FL,33686,Florida State and County,0.06,0.07000,0.01000,0,0,2
FL,33687,Florida State and County,0.06,0.07000,0.01000,0,0,2
FL,33688,Florida State and County,0.06,0.07000,0.01000,0,0,2
FL,33689,Florida State and County,0.06,0.07000,0.01000,0,0,2
FL,33690,Florida State and County,0.06,0.07000,0.01000,0,0,2
FL,33694,Florida State and County,0.06,0.07000,0.01000,0,0,2
FL,33697,Florida State and County,0.06,0.07000,0.01000,0,0,2
FL,32425,Florida State and County,0.06,0.07000,0.01000,0,0,2
FL,32452,Florida State and County,0.06,0.07000,0.01000,0,0,2
FL,32464,Florida State and County,0.06,0.07000,0.01000,0,0,2
FL,32948,Florida State and County,0.06,0.07000,0.01000,0,0,2
FL,32957,Florida State and County,0.06,0.07000,0.01000,0,0,2
FL,32958,Florida State and County,0.06,0.07000,0.01000,0,0,2
FL,32960,Florida State and County,0.06,0.07000,0.01000,0,0,2
FL,32961,Florida State and County,0.06,0.07000,0.01000,0,0,2
FL,32962,Florida State and County,0.06,0.07000,0.01000,0,0,2
FL,32963,Florida State and County,0.06,0.07000,0.01000,0,0,2
FL,32964,Florida State and County,0.06,0.07000,0.01000,0,0,2
FL,32965,Florida State and County,0.06,0.07000,0.01000,0,0,2
FL,32966,Florida State and County,0.06,0.07000,0.01000,0,0,2
FL,32967,Florida State and County,0.06,0.07000,0.01000,0,0,2
FL,32968,Florida State and County,0.06,0.07000,0.01000,0,0,2
FL,32969,Florida State and County,0.06,0.07000,0.01000,0,0,2
FL,32970,Florida State and County,0.06,0.07000,0.01000,0,0,2
FL,32971,Florida State and County,0.06,0.07000,0.01000,0,0,2
FL,32978,Florida State and County,0.06,0.07000,0.01000,0,0,2
FL,32420,Florida State and County,0.06,0.07500,0.01500,0,0,2
FL,32423,Florida State and County,0.06,0.07500,0.01500,0,0,2
FL,32426,Florida State and County,0.06,0.07500,0.01500,0,0,2
FL,32431,Florida State and County,0.06,0.07500,0.01500,0,0,2
FL,32432,Florida State and County,0.06,0.07500,0.01500,0,0,2
FL,32440,Florida State and County,0.06,0.07500,0.01500,0,0,2
FL,32442,Florida State and County,0.06,0.07500,0.01500,0,0,2
FL,32443,Florida State and County,0.06,0.07500,0.01500,0,0,2
FL,32445,Florida State and County,0.06,0.07500,0.01500,0,0,2
FL,32446,Florida State and County,0.06,0.07500,0.01500,0,0,2
FL,32447,Florida State and County,0.06,0.07500,0.01500,0,0,2
FL,32448,Florida State and County,0.06,0.07500,0.01500,0,0,2
FL,32460,Florida State and County,0.06,0.07500,0.01500,0,0,2
FL,32336,Florida State and County,0.06,0.07000,0.01000,0,0,2
FL,32337,Florida State and County,0.06,0.07000,0.01000,0,0,2
FL,32344,Florida State and County,0.06,0.07000,0.01000,0,0,2
FL,32345,Florida State and County,0.06,0.07000,0.01000,0,0,2
FL,32361,Florida State and County,0.06,0.07000,0.01000,0,0,2
FL,32013,Florida State and County,0.06,0.07000,0.01000,0,0,2
FL,32066,Florida State and County,0.06,0.07000,0.01000,0,0,2
FL,32102,Florida State and County,0.06,0.07000,0.01000,0,0,2
FL,32158,Florida State and County,0.06,0.07000,0.01000,0,0,2
FL,32159,Florida State and County,0.06,0.07000,0.01000,0,0,2
FL,32702,Florida State and County,0.06,0.07000,0.01000,0,0,2
FL,32726,Florida State and County,0.06,0.07000,0.01000,0,0,2
FL,32727,Florida State and County,0.06,0.07000,0.01000,0,0,2
FL,32735,Florida State and County,0.06,0.07000,0.01000,0,0,2
FL,32736,Florida State and County,0.06,0.07000,0.01000,0,0,2
FL,32756,Florida State and County,0.06,0.07000,0.01000,0,0,2
FL,32757,Florida State and County,0.06,0.07000,0.01000,0,0,2
FL,32767,Florida State and County,0.06,0.07000,0.01000,0,0,2
FL,32776,Florida State and County,0.06,0.07000,0.01000,0,0,2
FL,32778,Florida State and County,0.06,0.07000,0.01000,0,0,2
FL,32784,Florida State and County,0.06,0.07000,0.01000,0,0,2
FL,34705,Florida State and County,0.06,0.07000,0.01000,0,0,2
FL,34711,Florida State and County,0.06,0.07000,0.01000,0,0,2
FL,34712,Florida State and County,0.06,0.07000,0.01000,0,0,2
FL,34713,Florida State and County,0.06,0.07000,0.01000,0,0,2
FL,34714,Florida State and County,0.06,0.07000,0.01000,0,0,2
FL,34715,Florida State and County,0.06,0.07000,0.01000,0,0,2
FL,34729,Florida State and County,0.06,0.07000,0.01000,0,0,2
FL,34731,Florida State and County,0.06,0.07000,0.01000,0,0,2
FL,34736,Florida State and County,0.06,0.07000,0.01000,0,0,2
FL,34737,Florida State and County,0.06,0.07000,0.01000,0,0,2
FL,34748,Florida State and County,0.06,0.07000,0.01000,0,0,2
FL,34749,Florida State and County,0.06,0.07000,0.01000,0,0,2
FL,34753,Florida State and County,0.06,0.07000,0.01000,0,0,2
FL,34755,Florida State and County,0.06,0.07000,0.01000,0,0,2
FL,34756,Florida State and County,0.06,0.07000,0.01000,0,0,2
FL,34762,Florida State and County,0.06,0.07000,0.01000,0,0,2
FL,34788,Florida State and County,0.06,0.07000,0.01000,0,0,2
FL,34789,Florida State and County,0.06,0.07000,0.01000,0,0,2
FL,34797,Florida State and County,0.06,0.07000,0.01000,0,0,2
FL,33901,Florida State and County,0.06,0.06000,0.00000,0,0,2
FL,33902,Florida State and County,0.06,0.06000,0.00000,0,0,2
FL,33903,Florida State and County,0.06,0.06000,0.00000,0,0,2
FL,33904,Florida State and County,0.06,0.06000,0.00000,0,0,2
FL,33905,Florida State and County,0.06,0.06000,0.00000,0,0,2
FL,33906,Florida State and County,0.06,0.06000,0.00000,0,0,2
FL,33907,Florida State and County,0.06,0.06000,0.00000,0,0,2
FL,33908,Florida State and County,0.06,0.06000,0.00000,0,0,2
FL,33909,Florida State and County,0.06,0.06000,0.00000,0,0,2
FL,33910,Florida State and County,0.06,0.06000,0.00000,0,0,2
FL,33911,Florida State and County,0.06,0.06000,0.00000,0,0,2
FL,33912,Florida State and County,0.06,0.06000,0.00000,0,0,2
FL,33913,Florida State and County,0.06,0.06000,0.00000,0,0,2
FL,33914,Florida State and County,0.06,0.06000,0.00000,0,0,2
FL,33915,Florida State and County,0.06,0.06000,0.00000,0,0,2
FL,33916,Florida State and County,0.06,0.06000,0.00000,0,0,2
FL,33917,Florida State and County,0.06,0.06000,0.00000,0,0,2
FL,33918,Florida State and County,0.06,0.06000,0.00000,0,0,2
FL,33919,Florida State and County,0.06,0.06000,0.00000,0,0,2
FL,33920,Florida State and County,0.06,0.06000,0.00000,0,0,2
FL,33921,Florida State and County,0.06,0.06000,0.00000,0,0,2
FL,33922,Florida State and County,0.06,0.06000,0.00000,0,0,2
FL,33924,Florida State and County,0.06,0.06000,0.00000,0,0,2
FL,33928,Florida State and County,0.06,0.06000,0.00000,0,0,2
FL,33931,Florida State and County,0.06,0.06000,0.00000,0,0,2
FL,33932,Florida State and County,0.06,0.06000,0.00000,0,0,2
FL,33936,Florida State and County,0.06,0.06000,0.00000,0,0,2
FL,33945,Florida State and County,0.06,0.06000,0.00000,0,0,2
FL,33956,Florida State and County,0.06,0.06000,0.00000,0,0,2
FL,33957,Florida State and County,0.06,0.06000,0.00000,0,0,2
FL,33965,Florida State and County,0.06,0.06000,0.00000,0,0,2
FL,33966,Florida State and County,0.06,0.06000,0.00000,0,0,2
FL,33967,Florida State and County,0.06,0.06000,0.00000,0,0,2
FL,33970,Florida State and County,0.06,0.06000,0.00000,0,0,2
FL,33971,Florida State and County,0.06,0.06000,0.00000,0,0,2
FL,33972,Florida State and County,0.06,0.06000,0.00000,0,0,2
FL,33990,Florida State and County,0.06,0.06000,0.00000,0,0,2
FL,33991,Florida State and County,0.06,0.06000,0.00000,0,0,2
FL,33993,Florida State and County,0.06,0.06000,0.00000,0,0,2
FL,33994,Florida State and County,0.06,0.06000,0.00000,0,0,2
FL,34133,Florida State and County,0.06,0.06000,0.00000,0,0,2
FL,34134,Florida State and County,0.06,0.06000,0.00000,0,0,2
FL,34135,Florida State and County,0.06,0.06000,0.00000,0,0,2
FL,34136,Florida State and County,0.06,0.06000,0.00000,0,0,2
FL,32301,Florida State and County,0.06,0.07500,0.01500,0,0,2
FL,32302,Florida State and County,0.06,0.07500,0.01500,0,0,2
FL,32303,Florida State and County,0.06,0.07500,0.01500,0,0,2
FL,32304,Florida State and County,0.06,0.07500,0.01500,0,0,2
FL,32305,Florida State and County,0.06,0.07500,0.01500,0,0,2
FL,32306,Florida State and County,0.06,0.07500,0.01500,0,0,2
FL,32307,Florida State and County,0.06,0.07500,0.01500,0,0,2
FL,32308,Florida State and County,0.06,0.07500,0.01500,0,0,2
FL,32309,Florida State and County,0.06,0.07500,0.01500,0,0,2
FL,32310,Florida State and County,0.06,0.07500,0.01500,0,0,2
FL,32311,Florida State and County,0.06,0.07500,0.01500,0,0,2
FL,32312,Florida State and County,0.06,0.07500,0.01500,0,0,2
FL,32313,Florida State and County,0.06,0.07500,0.01500,0,0,2
FL,32314,Florida State and County,0.06,0.07500,0.01500,0,0,2
FL,32315,Florida State and County,0.06,0.07500,0.01500,0,0,2
FL,32316,Florida State and County,0.06,0.07500,0.01500,0,0,2
FL,32317,Florida State and County,0.06,0.07500,0.01500,0,0,2
FL,32318,Florida State and County,0.06,0.07500,0.01500,0,0,2
FL,32362,Florida State and County,0.06,0.07500,0.01500,0,0,2
FL,32395,Florida State and County,0.06,0.07500,0.01500,0,0,2
FL,32399,Florida State and County,0.06,0.07500,0.01500,0,0,2
FL,32621,Florida State and County,0.06,0.07000,0.01000,0,0,2
FL,32625,Florida State and County,0.06,0.07000,0.01000,0,0,2
FL,32626,Florida State and County,0.06,0.07000,0.01000,0,0,2
FL,32639,Florida State and County,0.06,0.07000,0.01000,0,0,2
FL,32644,Florida State and County,0.06,0.07000,0.01000,0,0,2
FL,32668,Florida State and County,0.06,0.07000,0.01000,0,0,2
FL,32683,Florida State and County,0.06,0.07000,0.01000,0,0,2
FL,32696,Florida State and County,0.06,0.07000,0.01000,0,0,2
FL,34449,Florida State and County,0.06,0.07000,0.01000,0,0,2
FL,34498,Florida State and County,0.06,0.07000,0.01000,0,0,2
FL,32321,Florida State and County,0.06,0.07500,0.01500,0,0,2
FL,32334,Florida State and County,0.06,0.07500,0.01500,0,0,2
FL,32335,Florida State and County,0.06,0.07500,0.01500,0,0,2
FL,32360,Florida State and County,0.06,0.07500,0.01500,0,0,2
FL,32059,Florida State and County,0.06,0.07500,0.01500,0,0,2
FL,32331,Florida State and County,0.06,0.07500,0.01500,0,0,2
FL,32340,Florida State and County,0.06,0.07500,0.01500,0,0,2
FL,32341,Florida State and County,0.06,0.07500,0.01500,0,0,2
FL,32350,Florida State and County,0.06,0.07500,0.01500,0,0,2
FL,34201,Florida State and County,0.06,0.06500,0.00500,0,0,2
FL,34202,Florida State and County,0.06,0.06500,0.00500,0,0,2
FL,34203,Florida State and County,0.06,0.06500,0.00500,0,0,2
FL,34204,Florida State and County,0.06,0.06500,0.00500,0,0,2
FL,34205,Florida State and County,0.06,0.06500,0.00500,0,0,2
FL,34206,Florida State and County,0.06,0.06500,0.00500,0,0,2
FL,34207,Florida State and County,0.06,0.06500,0.00500,0,0,2
FL,34208,Florida State and County,0.06,0.06500,0.00500,0,0,2
FL,34209,Florida State and County,0.06,0.06500,0.00500,0,0,2
FL,34210,Florida State and County,0.06,0.06500,0.00500,0,0,2
FL,34211,Florida State and County,0.06,0.06500,0.00500,0,0,2
FL,34212,Florida State and County,0.06,0.06500,0.00500,0,0,2
FL,34215,Florida State and County,0.06,0.06500,0.00500,0,0,2
FL,34216,Florida State and County,0.06,0.06500,0.00500,0,0,2
FL,34217,Florida State and County,0.06,0.06500,0.00500,0,0,2
FL,34218,Florida State and County,0.06,0.06500,0.00500,0,0,2
FL,34219,Florida State and County,0.06,0.06500,0.00500,0,0,2
FL,34220,Florida State and County,0.06,0.06500,0.00500,0,0,2
FL,34221,Florida State and County,0.06,0.06500,0.00500,0,0,2
FL,34222,Florida State and County,0.06,0.06500,0.00500,0,0,2
FL,34228,Florida State and County,0.06,0.06500,0.00500,0,0,2
FL,34243,Florida State and County,0.06,0.06500,0.00500,0,0,2
FL,34250,Florida State and County,0.06,0.06500,0.00500,0,0,2
FL,34251,Florida State and County,0.06,0.06500,0.00500,0,0,2
FL,34260,Florida State and County,0.06,0.06500,0.00500,0,0,2
FL,34264,Florida State and County,0.06,0.06500,0.00500,0,0,2
FL,34270,Florida State and County,0.06,0.06500,0.00500,0,0,2
FL,34280,Florida State and County,0.06,0.06500,0.00500,0,0,2
FL,34281,Florida State and County,0.06,0.06500,0.00500,0,0,2
FL,34282,Florida State and County,0.06,0.06500,0.00500,0,0,2
FL,32111,Florida State and County,0.06,0.06000,0.00000,0,0,2
FL,32113,Florida State and County,0.06,0.06000,0.00000,0,0,2
FL,32133,Florida State and County,0.06,0.06000,0.00000,0,0,2
FL,32134,Florida State and County,0.06,0.06000,0.00000,0,0,2
FL,32179,Florida State and County,0.06,0.06000,0.00000,0,0,2
FL,32182,Florida State and County,0.06,0.06000,0.00000,0,0,2
FL,32183,Florida State and County,0.06,0.06000,0.00000,0,0,2
FL,32192,Florida State and County,0.06,0.06000,0.00000,0,0,2
FL,32195,Florida State and County,0.06,0.06000,0.00000,0,0,2
FL,32617,Florida State and County,0.06,0.06000,0.00000,0,0,2
FL,32634,Florida State and County,0.06,0.06000,0.00000,0,0,2
FL,32663,Florida State and County,0.06,0.06000,0.00000,0,0,2
FL,32664,Florida State and County,0.06,0.06000,0.00000,0,0,2
FL,32681,Florida State and County,0.06,0.06000,0.00000,0,0,2
FL,32686,Florida State and County,0.06,0.06000,0.00000,0,0,2
FL,34420,Florida State and County,0.06,0.06000,0.00000,0,0,2
FL,34421,Florida State and County,0.06,0.06000,0.00000,0,0,2
FL,34430,Florida State and County,0.06,0.06000,0.00000,0,0,2
FL,34431,Florida State and County,0.06,0.06000,0.00000,0,0,2
FL,34432,Florida State and County,0.06,0.06000,0.00000,0,0,2
FL,34470,Florida State and County,0.06,0.06000,0.00000,0,0,2
FL,34471,Florida State and County,0.06,0.06000,0.00000,0,0,2
FL,34472,Florida State and County,0.06,0.06000,0.00000,0,0,2
FL,34473,Florida State and County,0.06,0.06000,0.00000,0,0,2
FL,34474,Florida State and County,0.06,0.06000,0.00000,0,0,2
FL,34475,Florida State and County,0.06,0.06000,0.00000,0,0,2
FL,34476,Florida State and County,0.06,0.06000,0.00000,0,0,2
FL,34477,Florida State and County,0.06,0.06000,0.00000,0,0,2
FL,34478,Florida State and County,0.06,0.06000,0.00000,0,0,2
FL,34479,Florida State and County,0.06,0.06000,0.00000,0,0,2
FL,34480,Florida State and County,0.06,0.06000,0.00000,0,0,2
FL,34481,Florida State and County,0.06,0.06000,0.00000,0,0,2
FL,34482,Florida State and County,0.06,0.06000,0.00000,0,0,2
FL,34483,Florida State and County,0.06,0.06000,0.00000,0,0,2
FL,34488,Florida State and County,0.06,0.06000,0.00000,0,0,2
FL,34489,Florida State and County,0.06,0.06000,0.00000,0,0,2
FL,34491,Florida State and County,0.06,0.06000,0.00000,0,0,2
FL,34492,Florida State and County,0.06,0.06000,0.00000,0,0,2
FL,33455,Florida State and County,0.06,0.06000,0.00000,0,0,2
FL,33475,Florida State and County,0.06,0.06000,0.00000,0,0,2
FL,34956,Florida State and County,0.06,0.06000,0.00000,0,0,2
FL,34957,Florida State and County,0.06,0.06000,0.00000,0,0,2
FL,34958,Florida State and County,0.06,0.06000,0.00000,0,0,2
FL,34990,Florida State and County,0.06,0.06000,0.00000,0,0,2
FL,34991,Florida State and County,0.06,0.06000,0.00000,0,0,2
FL,34992,Florida State and County,0.06,0.06000,0.00000,0,0,2
FL,34994,Florida State and County,0.06,0.06000,0.00000,0,0,2
FL,34995,Florida State and County,0.06,0.06000,0.00000,0,0,2
FL,34996,Florida State and County,0.06,0.06000,0.00000,0,0,2
FL,34997,Florida State and County,0.06,0.06000,0.00000,0,0,2
FL,33002,Florida State and County,0.06,0.07000,0.01000,0,0,2
FL,33010,Florida State and County,0.06,0.07000,0.01000,0,0,2
FL,33011,Florida State and County,0.06,0.07000,0.01000,0,0,2
FL,33012,Florida State and County,0.06,0.07000,0.01000,0,0,2
FL,33013,Florida State and County,0.06,0.07000,0.01000,0,0,2
FL,33014,Florida State and County,0.06,0.07000,0.01000,0,0,2
FL,33015,Florida State and County,0.06,0.07000,0.01000,0,0,2
FL,33016,Florida State and County,0.06,0.07000,0.01000,0,0,2
FL,33017,Florida State and County,0.06,0.07000,0.01000,0,0,2
FL,33018,Florida State and County,0.06,0.07000,0.01000,0,0,2
FL,33030,Florida State and County,0.06,0.07000,0.01000,0,0,2
FL,33031,Florida State and County,0.06,0.07000,0.01000,0,0,2
FL,33032,Florida State and County,0.06,0.07000,0.01000,0,0,2
FL,33033,Florida State and County,0.06,0.07000,0.01000,0,0,2
FL,33034,Florida State and County,0.06,0.07000,0.01000,0,0,2
FL,33035,Florida State and County,0.06,0.07000,0.01000,0,0,2
FL,33039,Florida State and County,0.06,0.07000,0.01000,0,0,2
FL,33054,Florida State and County,0.06,0.07000,0.01000,0,0,2
FL,33055,Florida State and County,0.06,0.07000,0.01000,0,0,2
FL,33056,Florida State and County,0.06,0.07000,0.01000,0,0,2
FL,33090,Florida State and County,0.06,0.07000,0.01000,0,0,2
FL,33092,Florida State and County,0.06,0.07000,0.01000,0,0,2
FL,33101,Florida State and County,0.06,0.07000,0.01000,0,0,2
FL,33102,Florida State and County,0.06,0.07000,0.01000,0,0,2
FL,33107,Florida State and County,0.06,0.07000,0.01000,0,0,2
FL,33109,Florida State and County,0.06,0.07000,0.01000,0,0,2
FL,33110,Florida State and County,0.06,0.07000,0.01000,0,0,2
FL,33111,Florida State and County,0.06,0.07000,0.01000,0,0,2
FL,33112,Florida State and County,0.06,0.07000,0.01000,0,0,2
FL,33114,Florida State and County,0.06,0.07000,0.01000,0,0,2
FL,33116,Florida State and County,0.06,0.07000,0.01000,0,0,2
FL,33119,Florida State and County,0.06,0.07000,0.01000,0,0,2
FL,33121,Florida State and County,0.06,0.07000,0.01000,0,0,2
FL,33122,Florida State and County,0.06,0.07000,0.01000,0,0,2
FL,33124,Florida State and County,0.06,0.07000,0.01000,0,0,2
FL,33125,Florida State and County,0.06,0.07000,0.01000,0,0,2
FL,33126,Florida State and County,0.06,0.07000,0.01000,0,0,2
FL,33127,Florida State and County,0.06,0.07000,0.01000,0,0,2
FL,33128,Florida State and County,0.06,0.07000,0.01000,0,0,2
FL,33129,Florida State and County,0.06,0.07000,0.01000,0,0,2
FL,33130,Florida State and County,0.06,0.07000,0.01000,0,0,2
FL,33131,Florida State and County,0.06,0.07000,0.01000,0,0,2
FL,33132,Florida State and County,0.06,0.07000,0.01000,0,0,2
FL,33133,Florida State and County,0.06,0.07000,0.01000,0,0,2
FL,33134,Florida State and County,0.06,0.07000,0.01000,0,0,2
FL,33135,Florida State and County,0.06,0.07000,0.01000,0,0,2
FL,33136,Florida State and County,0.06,0.07000,0.01000,0,0,2
FL,33137,Florida State and County,0.06,0.07000,0.01000,0,0,2
FL,33138,Florida State and County,0.06,0.07000,0.01000,0,0,2
FL,33139,Florida State and County,0.06,0.07000,0.01000,0,0,2
FL,33140,Florida State and County,0.06,0.07000,0.01000,0,0,2
FL,33141,Florida State and County,0.06,0.07000,0.01000,0,0,2
FL,33142,Florida State and County,0.06,0.07000,0.01000,0,0,2
FL,33143,Florida State and County,0.06,0.07000,0.01000,0,0,2
FL,33144,Florida State and County,0.06,0.07000,0.01000,0,0,2
FL,33145,Florida State and County,0.06,0.07000,0.01000,0,0,2
FL,33146,Florida State and County,0.06,0.07000,0.01000,0,0,2
FL,33147,Florida State and County,0.06,0.07000,0.01000,0,0,2
FL,33148,Florida State and County,0.06,0.07000,0.01000,0,0,2
FL,33149,Florida State and County,0.06,0.07000,0.01000,0,0,2
FL,33150,Florida State and County,0.06,0.07000,0.01000,0,0,2
FL,33151,Florida State and County,0.06,0.07000,0.01000,0,0,2
FL,33152,Florida State and County,0.06,0.07000,0.01000,0,0,2
FL,33153,Florida State and County,0.06,0.07000,0.01000,0,0,2
FL,33154,Florida State and County,0.06,0.07000,0.01000,0,0,2
FL,33155,Florida State and County,0.06,0.07000,0.01000,0,0,2
FL,33156,Florida State and County,0.06,0.07000,0.01000,0,0,2
FL,33157,Florida State and County,0.06,0.07000,0.01000,0,0,2
FL,33158,Florida State and County,0.06,0.07000,0.01000,0,0,2
FL,33159,Florida State and County,0.06,0.07000,0.01000,0,0,2
FL,33160,Florida State and County,0.06,0.07000,0.01000,0,0,2
FL,33161,Florida State and County,0.06,0.07000,0.01000,0,0,2
FL,33162,Florida State and County,0.06,0.07000,0.01000,0,0,2
FL,33163,Florida State and County,0.06,0.07000,0.01000,0,0,2
FL,33164,Florida State and County,0.06,0.07000,0.01000,0,0,2
FL,33165,Florida State and County,0.06,0.07000,0.01000,0,0,2
FL,33166,Florida State and County,0.06,0.07000,0.01000,0,0,2
FL,33167,Florida State and County,0.06,0.07000,0.01000,0,0,2
FL,33168,Florida State and County,0.06,0.07000,0.01000,0,0,2
FL,33169,Florida State and County,0.06,0.07000,0.01000,0,0,2
FL,33170,Florida State and County,0.06,0.07000,0.01000,0,0,2
FL,33172,Florida State and County,0.06,0.07000,0.01000,0,0,2
FL,33173,Florida State and County,0.06,0.07000,0.01000,0,0,2
FL,33174,Florida State and County,0.06,0.07000,0.01000,0,0,2
FL,33175,Florida State and County,0.06,0.07000,0.01000,0,0,2
FL,33176,Florida State and County,0.06,0.07000,0.01000,0,0,2
FL,33177,Florida State and County,0.06,0.07000,0.01000,0,0,2
FL,33178,Florida State and County,0.06,0.07000,0.01000,0,0,2
FL,33179,Florida State and County,0.06,0.07000,0.01000,0,0,2
FL,33180,Florida State and County,0.06,0.07000,0.01000,0,0,2
FL,33181,Florida State and County,0.06,0.07000,0.01000,0,0,2
FL,33182,Florida State and County,0.06,0.07000,0.01000,0,0,2
FL,33183,Florida State and County,0.06,0.07000,0.01000,0,0,2
FL,33184,Florida State and County,0.06,0.07000,0.01000,0,0,2
FL,33185,Florida State and County,0.06,0.07000,0.01000,0,0,2
FL,33186,Florida State and County,0.06,0.07000,0.01000,0,0,2
FL,33187,Florida State and County,0.06,0.07000,0.01000,0,0,2
FL,33188,Florida State and County,0.06,0.07000,0.01000,0,0,2
FL,33189,Florida State and County,0.06,0.07000,0.01000,0,0,2
FL,33190,Florida State and County,0.06,0.07000,0.01000,0,0,2
FL,33193,Florida State and County,0.06,0.07000,0.01000,0,0,2
FL,33194,Florida State and County,0.06,0.07000,0.01000,0,0,2
FL,33195,Florida State and County,0.06,0.07000,0.01000,0,0,2
FL,33196,Florida State and County,0.06,0.07000,0.01000,0,0,2
FL,33197,Florida State and County,0.06,0.07000,0.01000,0,0,2
FL,33199,Florida State and County,0.06,0.07000,0.01000,0,0,2
FL,33231,Florida State and County,0.06,0.07000,0.01000,0,0,2
FL,33233,Florida State and County,0.06,0.07000,0.01000,0,0,2
FL,33234,Florida State and County,0.06,0.07000,0.01000,0,0,2
FL,33238,Florida State and County,0.06,0.07000,0.01000,0,0,2
FL,33239,Florida State and County,0.06,0.07000,0.01000,0,0,2
FL,33242,Florida State and County,0.06,0.07000,0.01000,0,0,2
FL,33243,Florida State and County,0.06,0.07000,0.01000,0,0,2
FL,33245,Florida State and County,0.06,0.07000,0.01000,0,0,2
FL,33247,Florida State and County,0.06,0.07000,0.01000,0,0,2
FL,33255,Florida State and County,0.06,0.07000,0.01000,0,0,2
FL,33256,Florida State and County,0.06,0.07000,0.01000,0,0,2
FL,33257,Florida State and County,0.06,0.07000,0.01000,0,0,2
FL,33261,Florida State and County,0.06,0.07000,0.01000,0,0,2
FL,33265,Florida State and County,0.06,0.07000,0.01000,0,0,2
FL,33266,Florida State and County,0.06,0.07000,0.01000,0,0,2
FL,33269,Florida State and County,0.06,0.07000,0.01000,0,0,2
FL,33280,Florida State and County,0.06,0.07000,0.01000,0,0,2
FL,33283,Florida State and County,0.06,0.07000,0.01000,0,0,2
FL,33296,Florida State and County,0.06,0.07000,0.01000,0,0,2
FL,33299,Florida State and County,0.06,0.07000,0.01000,0,0,2
FL,34141,Florida State and County,0.06,0.07000,0.01000,0,0,2
FL,33001,Florida State and County,0.06,0.07500,0.01500,0,0,2
FL,33036,Florida State and County,0.06,0.07500,0.01500,0,0,2
FL,33037,Florida State and County,0.06,0.07500,0.01500,0,0,2
FL,33040,Florida State and County,0.06,0.07500,0.01500,0,0,2
FL,33041,Florida State and County,0.06,0.07500,0.01500,0,0,2
FL,33042,Florida State and County,0.06,0.07500,0.01500,0,0,2
FL,33043,Florida State and County,0.06,0.07500,0.01500,0,0,2
FL,33045,Florida State and County,0.06,0.07500,0.01500,0,0,2
FL,33050,Florida State and County,0.06,0.07500,0.01500,0,0,2
FL,33051,Florida State and County,0.06,0.07500,0.01500,0,0,2
FL,33052,Florida State and County,0.06,0.07500,0.01500,0,0,2
FL,33070,Florida State and County,0.06,0.07500,0.01500,0,0,2
FL,32009,Florida State and County,0.06,0.07000,0.01000,0,0,2
FL,32011,Florida State and County,0.06,0.07000,0.01000,0,0,2
FL,32034,Florida State and County,0.06,0.07000,0.01000,0,0,2
FL,32035,Florida State and County,0.06,0.07000,0.01000,0,0,2
FL,32041,Florida State and County,0.06,0.07000,0.01000,0,0,2
FL,32046,Florida State and County,0.06,0.07000,0.01000,0,0,2
FL,32097,Florida State and County,0.06,0.07000,0.01000,0,0,2
FL,32531,Florida State and County,0.06,0.06000,0.00000,0,0,2
FL,32536,Florida State and County,0.06,0.06000,0.00000,0,0,2
FL,32537,Florida State and County,0.06,0.06000,0.00000,0,0,2
FL,32539,Florida State and County,0.06,0.06000,0.00000,0,0,2
FL,32540,Florida State and County,0.06,0.06000,0.00000,0,0,2
FL,32541,Florida State and County,0.06,0.06000,0.00000,0,0,2
FL,32542,Florida State and County,0.06,0.06000,0.00000,0,0,2
FL,32544,Florida State and County,0.06,0.06000,0.00000,0,0,2
FL,32547,Florida State and County,0.06,0.06000,0.00000,0,0,2
FL,32548,Florida State and County,0.06,0.06000,0.00000,0,0,2
FL,32549,Florida State and County,0.06,0.06000,0.00000,0,0,2
FL,32564,Florida State and County,0.06,0.06000,0.00000,0,0,2
FL,32567,Florida State and County,0.06,0.06000,0.00000,0,0,2
FL,32569,Florida State and County,0.06,0.06000,0.00000,0,0,2
FL,32578,Florida State and County,0.06,0.06000,0.00000,0,0,2
FL,32579,Florida State and County,0.06,0.06000,0.00000,0,0,2
FL,32580,Florida State and County,0.06,0.06000,0.00000,0,0,2
FL,32588,Florida State and County,0.06,0.06000,0.00000,0,0,2
FL,34972,Florida State and County,0.06,0.07000,0.01000,0,0,2
FL,34973,Florida State and County,0.06,0.07000,0.01000,0,0,2
FL,34974,Florida State and County,0.06,0.07000,0.01000,0,0,2
FL,32703,Florida State and County,0.06,0.06500,0.00500,0,0,2
FL,32704,Florida State and County,0.06,0.06500,0.00500,0,0,2
FL,32709,Florida State and County,0.06,0.06500,0.00500,0,0,2
FL,32710,Florida State and County,0.06,0.06500,0.00500,0,0,2
FL,32712,Florida State and County,0.06,0.06500,0.00500,0,0,2
FL,32751,Florida State and County,0.06,0.06500,0.00500,0,0,2
FL,32768,Florida State and County,0.06,0.06500,0.00500,0,0,2
FL,32777,Florida State and County,0.06,0.06500,0.00500,0,0,2
FL,32789,Florida State and County,0.06,0.06500,0.00500,0,0,2
FL,32790,Florida State and County,0.06,0.06500,0.00500,0,0,2
FL,32792,Florida State and County,0.06,0.06500,0.00500,0,0,2
FL,32793,Florida State and County,0.06,0.06500,0.00500,0,0,2
FL,32794,Florida State and County,0.06,0.06500,0.00500,0,0,2
FL,32798,Florida State and County,0.06,0.06500,0.00500,0,0,2
FL,32801,Florida State and County,0.06,0.06500,0.00500,0,0,2
FL,32802,Florida State and County,0.06,0.06500,0.00500,0,0,2
FL,32803,Florida State and County,0.06,0.06500,0.00500,0,0,2
FL,32804,Florida State and County,0.06,0.06500,0.00500,0,0,2
FL,32805,Florida State and County,0.06,0.06500,0.00500,0,0,2
FL,32806,Florida State and County,0.06,0.06500,0.00500,0,0,2
FL,32807,Florida State and County,0.06,0.06500,0.00500,0,0,2
FL,32808,Florida State and County,0.06,0.06500,0.00500,0,0,2
FL,32809,Florida State and County,0.06,0.06500,0.00500,0,0,2
FL,32810,Florida State and County,0.06,0.06500,0.00500,0,0,2
FL,32811,Florida State and County,0.06,0.06500,0.00500,0,0,2
FL,32812,Florida State and County,0.06,0.06500,0.00500,0,0,2
FL,32814,Florida State and County,0.06,0.06500,0.00500,0,0,2
FL,32816,Florida State and County,0.06,0.06500,0.00500,0,0,2
FL,32817,Florida State and County,0.06,0.06500,0.00500,0,0,2
FL,32818,Florida State and County,0.06,0.06500,0.00500,0,0,2
FL,32819,Florida State and County,0.06,0.06500,0.00500,0,0,2
FL,32820,Florida State and County,0.06,0.06500,0.00500,0,0,2
FL,32821,Florida State and County,0.06,0.06500,0.00500,0,0,2
FL,32822,Florida State and County,0.06,0.06500,0.00500,0,0,2
FL,32824,Florida State and County,0.06,0.06500,0.00500,0,0,2
FL,32825,Florida State and County,0.06,0.06500,0.00500,0,0,2
FL,32826,Florida State and County,0.06,0.06500,0.00500,0,0,2
FL,32827,Florida State and County,0.06,0.06500,0.00500,0,0,2
FL,32828,Florida State and County,0.06,0.06500,0.00500,0,0,2
FL,32829,Florida State and County,0.06,0.06500,0.00500,0,0,2
FL,32830,Florida State and County,0.06,0.06500,0.00500,0,0,2
FL,32831,Florida State and County,0.06,0.06500,0.00500,0,0,2
FL,32832,Florida State and County,0.06,0.06500,0.00500,0,0,2
FL,32833,Florida State and County,0.06,0.06500,0.00500,0,0,2
FL,32834,Florida State and County,0.06,0.06500,0.00500,0,0,2
FL,32835,Florida State and County,0.06,0.06500,0.00500,0,0,2
FL,32836,Florida State and County,0.06,0.06500,0.00500,0,0,2
FL,32837,Florida State and County,0.06,0.06500,0.00500,0,0,2
FL,32839,Florida State and County,0.06,0.06500,0.00500,0,0,2
FL,32853,Florida State and County,0.06,0.06500,0.00500,0,0,2
FL,32854,Florida State and County,0.06,0.06500,0.00500,0,0,2
FL,32855,Florida State and County,0.06,0.06500,0.00500,0,0,2
FL,32856,Florida State and County,0.06,0.06500,0.00500,0,0,2
FL,32857,Florida State and County,0.06,0.06500,0.00500,0,0,2
FL,32858,Florida State and County,0.06,0.06500,0.00500,0,0,2
FL,32859,Florida State and County,0.06,0.06500,0.00500,0,0,2
FL,32860,Florida State and County,0.06,0.06500,0.00500,0,0,2
FL,32861,Florida State and County,0.06,0.06500,0.00500,0,0,2
FL,32862,Florida State and County,0.06,0.06500,0.00500,0,0,2
FL,32867,Florida State and County,0.06,0.06500,0.00500,0,0,2
FL,32868,Florida State and County,0.06,0.06500,0.00500,0,0,2
FL,32869,Florida State and County,0.06,0.06500,0.00500,0,0,2
FL,32872,Florida State and County,0.06,0.06500,0.00500,0,0,2
FL,32877,Florida State and County,0.06,0.06500,0.00500,0,0,2
FL,32878,Florida State and County,0.06,0.06500,0.00500,0,0,2
FL,32885,Florida State and County,0.06,0.06500,0.00500,0,0,2
FL,32886,Florida State and County,0.06,0.06500,0.00500,0,0,2
FL,32887,Florida State and County,0.06,0.06500,0.00500,0,0,2
FL,32890,Florida State and County,0.06,0.06500,0.00500,0,0,2
FL,32891,Florida State and County,0.06,0.06500,0.00500,0,0,2
FL,32893,Florida State and County,0.06,0.06500,0.00500,0,0,2
FL,32896,Florida State and County,0.06,0.06500,0.00500,0,0,2
FL,32897,Florida State and County,0.06,0.06500,0.00500,0,0,2
FL,32898,Florida State and County,0.06,0.06500,0.00500,0,0,2
FL,34734,Florida State and County,0.06,0.06500,0.00500,0,0,2
FL,34740,Florida State and County,0.06,0.06500,0.00500,0,0,2
FL,34760,Florida State and County,0.06,0.06500,0.00500,0,0,2
FL,34761,Florida State and County,0.06,0.06500,0.00500,0,0,2
FL,34777,Florida State and County,0.06,0.06500,0.00500,0,0,2
FL,34778,Florida State and County,0.06,0.06500,0.00500,0,0,2
FL,34786,Florida State and County,0.06,0.06500,0.00500,0,0,2
FL,34787,Florida State and County,0.06,0.06500,0.00500,0,0,2
FL,33848,Florida State and County,0.06,0.07000,0.01000,0,0,2
FL,34739,Florida State and County,0.06,0.07000,0.01000,0,0,2
FL,34741,Florida State and County,0.06,0.07000,0.01000,0,0,2
FL,34742,Florida State and County,0.06,0.07000,0.01000,0,0,2
FL,34743,Florida State and County,0.06,0.07000,0.01000,0,0,2
FL,34744,Florida State and County,0.06,0.07000,0.01000,0,0,2
FL,34745,Florida State and County,0.06,0.07000,0.01000,0,0,2
FL,34746,Florida State and County,0.06,0.07000,0.01000,0,0,2
FL,34747,Florida State and County,0.06,0.07000,0.01000,0,0,2
FL,34758,Florida State and County,0.06,0.07000,0.01000,0,0,2
FL,34769,Florida State and County,0.06,0.07000,0.01000,0,0,2
FL,34770,Florida State and County,0.06,0.07000,0.01000,0,0,2
FL,34771,Florida State and County,0.06,0.07000,0.01000,0,0,2
FL,34772,Florida State and County,0.06,0.07000,0.01000,0,0,2
FL,34773,Florida State and County,0.06,0.07000,0.01000,0,0,2
FL,33401,Florida State and County,0.06,0.06000,0.00000,0,0,2
FL,33402,Florida State and County,0.06,0.06000,0.00000,0,0,2
FL,33403,Florida State and County,0.06,0.06000,0.00000,0,0,2
FL,33404,Florida State and County,0.06,0.06000,0.00000,0,0,2
FL,33405,Florida State and County,0.06,0.06000,0.00000,0,0,2
FL,33406,Florida State and County,0.06,0.06000,0.00000,0,0,2
FL,33407,Florida State and County,0.06,0.06000,0.00000,0,0,2
FL,33408,Florida State and County,0.06,0.06000,0.00000,0,0,2
FL,33409,Florida State and County,0.06,0.06000,0.00000,0,0,2
FL,33410,Florida State and County,0.06,0.06000,0.00000,0,0,2
FL,33411,Florida State and County,0.06,0.06000,0.00000,0,0,2
FL,33412,Florida State and County,0.06,0.06000,0.00000,0,0,2
FL,33413,Florida State and County,0.06,0.06000,0.00000,0,0,2
FL,33414,Florida State and County,0.06,0.06000,0.00000,0,0,2
FL,33415,Florida State and County,0.06,0.06000,0.00000,0,0,2
FL,33416,Florida State and County,0.06,0.06000,0.00000,0,0,2
FL,33417,Florida State and County,0.06,0.06000,0.00000,0,0,2
FL,33418,Florida State and County,0.06,0.06000,0.00000,0,0,2
FL,33419,Florida State and County,0.06,0.06000,0.00000,0,0,2
FL,33420,Florida State and County,0.06,0.06000,0.00000,0,0,2
FL,33421,Florida State and County,0.06,0.06000,0.00000,0,0,2
FL,33422,Florida State and County,0.06,0.06000,0.00000,0,0,2
FL,33424,Florida State and County,0.06,0.06000,0.00000,0,0,2
FL,33425,Florida State and County,0.06,0.06000,0.00000,0,0,2
FL,33426,Florida State and County,0.06,0.06000,0.00000,0,0,2
FL,33427,Florida State and County,0.06,0.06000,0.00000,0,0,2
FL,33428,Florida State and County,0.06,0.06000,0.00000,0,0,2
FL,33429,Florida State and County,0.06,0.06000,0.00000,0,0,2
FL,33430,Florida State and County,0.06,0.06000,0.00000,0,0,2
FL,33431,Florida State and County,0.06,0.06000,0.00000,0,0,2
FL,33432,Florida State and County,0.06,0.06000,0.00000,0,0,2
FL,33433,Florida State and County,0.06,0.06000,0.00000,0,0,2
FL,33434,Florida State and County,0.06,0.06000,0.00000,0,0,2
FL,33435,Florida State and County,0.06,0.06000,0.00000,0,0,2
FL,33436,Florida State and County,0.06,0.06000,0.00000,0,0,2
FL,33437,Florida State and County,0.06,0.06000,0.00000,0,0,2
FL,33438,Florida State and County,0.06,0.06000,0.00000,0,0,2
FL,33439,Florida State and County,0.06,0.06000,0.00000,0,0,2
FL,33444,Florida State and County,0.06,0.06000,0.00000,0,0,2
FL,33445,Florida State and County,0.06,0.06000,0.00000,0,0,2
FL,33446,Florida State and County,0.06,0.06000,0.00000,0,0,2
FL,33447,Florida State and County,0.06,0.06000,0.00000,0,0,2
FL,33448,Florida State and County,0.06,0.06000,0.00000,0,0,2
FL,33454,Florida State and County,0.06,0.06000,0.00000,0,0,2
FL,33458,Florida State and County,0.06,0.06000,0.00000,0,0,2
FL,33459,Florida State and County,0.06,0.06000,0.00000,0,0,2
FL,33460,Florida State and County,0.06,0.06000,0.00000,0,0,2
FL,33461,Florida State and County,0.06,0.06000,0.00000,0,0,2
FL,33462,Florida State and County,0.06,0.06000,0.00000,0,0,2
FL,33463,Florida State and County,0.06,0.06000,0.00000,0,0,2
FL,33464,Florida State and County,0.06,0.06000,0.00000,0,0,2
FL,33465,Florida State and County,0.06,0.06000,0.00000,0,0,2
FL,33466,Florida State and County,0.06,0.06000,0.00000,0,0,2
FL,33467,Florida State and County,0.06,0.06000,0.00000,0,0,2
FL,33468,Florida State and County,0.06,0.06000,0.00000,0,0,2
FL,33469,Florida State and County,0.06,0.06000,0.00000,0,0,2
FL,33470,Florida State and County,0.06,0.06000,0.00000,0,0,2
FL,33474,Florida State and County,0.06,0.06000,0.00000,0,0,2
FL,33476,Florida State and County,0.06,0.06000,0.00000,0,0,2
FL,33477,Florida State and County,0.06,0.06000,0.00000,0,0,2
FL,33478,Florida State and County,0.06,0.06000,0.00000,0,0,2
FL,33480,Florida State and County,0.06,0.06000,0.00000,0,0,2
FL,33481,Florida State and County,0.06,0.06000,0.00000,0,0,2
FL,33482,Florida State and County,0.06,0.06000,0.00000,0,0,2
FL,33483,Florida State and County,0.06,0.06000,0.00000,0,0,2
FL,33484,Florida State and County,0.06,0.06000,0.00000,0,0,2
FL,33486,Florida State and County,0.06,0.06000,0.00000,0,0,2
FL,33487,Florida State and County,0.06,0.06000,0.00000,0,0,2
FL,33488,Florida State and County,0.06,0.06000,0.00000,0,0,2
FL,33493,Florida State and County,0.06,0.06000,0.00000,0,0,2
FL,33496,Florida State and County,0.06,0.06000,0.00000,0,0,2
FL,33497,Florida State and County,0.06,0.06000,0.00000,0,0,2
FL,33498,Florida State and County,0.06,0.06000,0.00000,0,0,2
FL,33499,Florida State and County,0.06,0.06000,0.00000,0,0,2
FL,33523,Florida State and County,0.06,0.07000,0.01000,0,0,2
FL,33524,Florida State and County,0.06,0.07000,0.01000,0,0,2
FL,33525,Florida State and County,0.06,0.07000,0.01000,0,0,2
FL,33526,Florida State and County,0.06,0.07000,0.01000,0,0,2
FL,33537,Florida State and County,0.06,0.07000,0.01000,0,0,2
FL,33539,Florida State and County,0.06,0.07000,0.01000,0,0,2
FL,33540,Florida State and County,0.06,0.07000,0.01000,0,0,2
FL,33541,Florida State and County,0.06,0.07000,0.01000,0,0,2
FL,33542,Florida State and County,0.06,0.07000,0.01000,0,0,2
FL,33543,Florida State and County,0.06,0.07000,0.01000,0,0,2
FL,33544,Florida State and County,0.06,0.07000,0.01000,0,0,2
FL,33574,Florida State and County,0.06,0.07000,0.01000,0,0,2
FL,33576,Florida State and County,0.06,0.07000,0.01000,0,0,2
FL,33593,Florida State and County,0.06,0.07000,0.01000,0,0,2
FL,34610,Florida State and County,0.06,0.07000,0.01000,0,0,2
FL,34637,Florida State and County,0.06,0.07000,0.01000,0,0,2
FL,34638,Florida State and County,0.06,0.07000,0.01000,0,0,2
FL,34639,Florida State and County,0.06,0.07000,0.01000,0,0,2
FL,34652,Florida State and County,0.06,0.07000,0.01000,0,0,2
FL,34653,Florida State and County,0.06,0.07000,0.01000,0,0,2
FL,34654,Florida State and County,0.06,0.07000,0.01000,0,0,2
FL,34655,Florida State and County,0.06,0.07000,0.01000,0,0,2
FL,34656,Florida State and County,0.06,0.07000,0.01000,0,0,2
FL,34667,Florida State and County,0.06,0.07000,0.01000,0,0,2
FL,34668,Florida State and County,0.06,0.07000,0.01000,0,0,2
FL,34669,Florida State and County,0.06,0.07000,0.01000,0,0,2
FL,34673,Florida State and County,0.06,0.07000,0.01000,0,0,2
FL,34674,Florida State and County,0.06,0.07000,0.01000,0,0,2
FL,34679,Florida State and County,0.06,0.07000,0.01000,0,0,2
FL,34680,Florida State and County,0.06,0.07000,0.01000,0,0,2
FL,34690,Florida State and County,0.06,0.07000,0.01000,0,0,2
FL,34691,Florida State and County,0.06,0.07000,0.01000,0,0,2
FL,34692,Florida State and County,0.06,0.07000,0.01000,0,0,2
FL,33701,Florida State and County,0.06,0.07000,0.01000,0,0,2
FL,33702,Florida State and County,0.06,0.07000,0.01000,0,0,2
FL,33703,Florida State and County,0.06,0.07000,0.01000,0,0,2
FL,33704,Florida State and County,0.06,0.07000,0.01000,0,0,2
FL,33705,Florida State and County,0.06,0.07000,0.01000,0,0,2
FL,33706,Florida State and County,0.06,0.07000,0.01000,0,0,2
FL,33707,Florida State and County,0.06,0.07000,0.01000,0,0,2
FL,33708,Florida State and County,0.06,0.07000,0.01000,0,0,2
FL,33709,Florida State and County,0.06,0.07000,0.01000,0,0,2
FL,33710,Florida State and County,0.06,0.07000,0.01000,0,0,2
FL,33711,Florida State and County,0.06,0.07000,0.01000,0,0,2
FL,33712,Florida State and County,0.06,0.07000,0.01000,0,0,2
FL,33713,Florida State and County,0.06,0.07000,0.01000,0,0,2
FL,33714,Florida State and County,0.06,0.07000,0.01000,0,0,2
FL,33715,Florida State and County,0.06,0.07000,0.01000,0,0,2
FL,33716,Florida State and County,0.06,0.07000,0.01000,0,0,2
FL,33729,Florida State and County,0.06,0.07000,0.01000,0,0,2
FL,33730,Florida State and County,0.06,0.07000,0.01000,0,0,2
FL,33731,Florida State and County,0.06,0.07000,0.01000,0,0,2
FL,33732,Florida State and County,0.06,0.07000,0.01000,0,0,2
FL,33733,Florida State and County,0.06,0.07000,0.01000,0,0,2
FL,33734,Florida State and County,0.06,0.07000,0.01000,0,0,2
FL,33736,Florida State and County,0.06,0.07000,0.01000,0,0,2
FL,33737,Florida State and County,0.06,0.07000,0.01000,0,0,2
FL,33738,Florida State and County,0.06,0.07000,0.01000,0,0,2
FL,33740,Florida State and County,0.06,0.07000,0.01000,0,0,2
FL,33741,Florida State and County,0.06,0.07000,0.01000,0,0,2
FL,33742,Florida State and County,0.06,0.07000,0.01000,0,0,2
FL,33743,Florida State and County,0.06,0.07000,0.01000,0,0,2
FL,33744,Florida State and County,0.06,0.07000,0.01000,0,0,2
FL,33747,Florida State and County,0.06,0.07000,0.01000,0,0,2
FL,33755,Florida State and County,0.06,0.07000,0.01000,0,0,2
FL,33756,Florida State and County,0.06,0.07000,0.01000,0,0,2
FL,33757,Florida State and County,0.06,0.07000,0.01000,0,0,2
FL,33758,Florida State and County,0.06,0.07000,0.01000,0,0,2
FL,33759,Florida State and County,0.06,0.07000,0.01000,0,0,2
FL,33760,Florida State and County,0.06,0.07000,0.01000,0,0,2
FL,33761,Florida State and County,0.06,0.07000,0.01000,0,0,2
FL,33762,Florida State and County,0.06,0.07000,0.01000,0,0,2
FL,33763,Florida State and County,0.06,0.07000,0.01000,0,0,2
FL,33764,Florida State and County,0.06,0.07000,0.01000,0,0,2
FL,33765,Florida State and County,0.06,0.07000,0.01000,0,0,2
FL,33766,Florida State and County,0.06,0.07000,0.01000,0,0,2
FL,33767,Florida State and County,0.06,0.07000,0.01000,0,0,2
FL,33769,Florida State and County,0.06,0.07000,0.01000,0,0,2
FL,33770,Florida State and County,0.06,0.07000,0.01000,0,0,2
FL,33771,Florida State and County,0.06,0.07000,0.01000,0,0,2
FL,33772,Florida State and County,0.06,0.07000,0.01000,0,0,2
FL,33773,Florida State and County,0.06,0.07000,0.01000,0,0,2
FL,33774,Florida State and County,0.06,0.07000,0.01000,0,0,2
FL,33775,Florida State and County,0.06,0.07000,0.01000,0,0,2
FL,33776,Florida State and County,0.06,0.07000,0.01000,0,0,2
FL,33777,Florida State and County,0.06,0.07000,0.01000,0,0,2
FL,33778,Florida State and County,0.06,0.07000,0.01000,0,0,2
FL,33779,Florida State and County,0.06,0.07000,0.01000,0,0,2
FL,33780,Florida State and County,0.06,0.07000,0.01000,0,0,2
FL,33781,Florida State and County,0.06,0.07000,0.01000,0,0,2
FL,33782,Florida State and County,0.06,0.07000,0.01000,0,0,2
FL,33784,Florida State and County,0.06,0.07000,0.01000,0,0,2
FL,33785,Florida State and County,0.06,0.07000,0.01000,0,0,2
FL,33786,Florida State and County,0.06,0.07000,0.01000,0,0,2
FL,34660,Florida State and County,0.06,0.07000,0.01000,0,0,2
FL,34677,Florida State and County,0.06,0.07000,0.01000,0,0,2
FL,34681,Florida State and County,0.06,0.07000,0.01000,0,0,2
FL,34682,Florida State and County,0.06,0.07000,0.01000,0,0,2
FL,34683,Florida State and County,0.06,0.07000,0.01000,0,0,2
FL,34684,Florida State and County,0.06,0.07000,0.01000,0,0,2
FL,34685,Florida State and County,0.06,0.07000,0.01000,0,0,2
FL,34688,Florida State and County,0.06,0.07000,0.01000,0,0,2
FL,34689,Florida State and County,0.06,0.07000,0.01000,0,0,2
FL,34695,Florida State and County,0.06,0.07000,0.01000,0,0,2
FL,34697,Florida State and County,0.06,0.07000,0.01000,0,0,2
FL,34698,Florida State and County,0.06,0.07000,0.01000,0,0,2
FL,33801,Florida State and County,0.06,0.07000,0.01000,0,0,2
FL,33802,Florida State and County,0.06,0.07000,0.01000,0,0,2
FL,33803,Florida State and County,0.06,0.07000,0.01000,0,0,2
FL,33804,Florida State and County,0.06,0.07000,0.01000,0,0,2
FL,33805,Florida State and County,0.06,0.07000,0.01000,0,0,2
FL,33806,Florida State and County,0.06,0.07000,0.01000,0,0,2
FL,33807,Florida State and County,0.06,0.07000,0.01000,0,0,2
FL,33809,Florida State and County,0.06,0.07000,0.01000,0,0,2
FL,33810,Florida State and County,0.06,0.07000,0.01000,0,0,2
FL,33811,Florida State and County,0.06,0.07000,0.01000,0,0,2
FL,33812,Florida State and County,0.06,0.07000,0.01000,0,0,2
FL,33813,Florida State and County,0.06,0.07000,0.01000,0,0,2
FL,33815,Florida State and County,0.06,0.07000,0.01000,0,0,2
FL,33820,Florida State and County,0.06,0.07000,0.01000,0,0,2
FL,33823,Florida State and County,0.06,0.07000,0.01000,0,0,2
FL,33827,Florida State and County,0.06,0.07000,0.01000,0,0,2
FL,33830,Florida State and County,0.06,0.07000,0.01000,0,0,2
FL,33831,Florida State and County,0.06,0.07000,0.01000,0,0,2
FL,33835,Florida State and County,0.06,0.07000,0.01000,0,0,2
FL,33836,Florida State and County,0.06,0.07000,0.01000,0,0,2
FL,33837,Florida State and County,0.06,0.07000,0.01000,0,0,2
FL,33838,Florida State and County,0.06,0.07000,0.01000,0,0,2
FL,33839,Florida State and County,0.06,0.07000,0.01000,0,0,2
FL,33840,Florida State and County,0.06,0.07000,0.01000,0,0,2
FL,33841,Florida State and County,0.06,0.07000,0.01000,0,0,2
FL,33843,Florida State and County,0.06,0.07000,0.01000,0,0,2
FL,33844,Florida State and County,0.06,0.07000,0.01000,0,0,2
FL,33845,Florida State and County,0.06,0.07000,0.01000,0,0,2
FL,33846,Florida State and County,0.06,0.07000,0.01000,0,0,2
FL,33847,Florida State and County,0.06,0.07000,0.01000,0,0,2
FL,33849,Florida State and County,0.06,0.07000,0.01000,0,0,2
FL,33850,Florida State and County,0.06,0.07000,0.01000,0,0,2
FL,33851,Florida State and County,0.06,0.07000,0.01000,0,0,2
FL,33853,Florida State and County,0.06,0.07000,0.01000,0,0,2
FL,33854,Florida State and County,0.06,0.07000,0.01000,0,0,2
FL,33855,Florida State and County,0.06,0.07000,0.01000,0,0,2
FL,33856,Florida State and County,0.06,0.07000,0.01000,0,0,2
FL,33858,Florida State and County,0.06,0.07000,0.01000,0,0,2
FL,33859,Florida State and County,0.06,0.07000,0.01000,0,0,2
FL,33860,Florida State and County,0.06,0.07000,0.01000,0,0,2
FL,33863,Florida State and County,0.06,0.07000,0.01000,0,0,2
FL,33867,Florida State and County,0.06,0.07000,0.01000,0,0,2
FL,33868,Florida State and County,0.06,0.07000,0.01000,0,0,2
FL,33877,Florida State and County,0.06,0.07000,0.01000,0,0,2
FL,33880,Florida State and County,0.06,0.07000,0.01000,0,0,2
FL,33881,Florida State and County,0.06,0.07000,0.01000,0,0,2
FL,33882,Florida State and County,0.06,0.07000,0.01000,0,0,2
FL,33883,Florida State and County,0.06,0.07000,0.01000,0,0,2
FL,33884,Florida State and County,0.06,0.07000,0.01000,0,0,2
FL,33885,Florida State and County,0.06,0.07000,0.01000,0,0,2
FL,33888,Florida State and County,0.06,0.07000,0.01000,0,0,2
FL,33896,Florida State and County,0.06,0.07000,0.01000,0,0,2
FL,33897,Florida State and County,0.06,0.07000,0.01000,0,0,2
FL,33898,Florida State and County,0.06,0.07000,0.01000,0,0,2
FL,34759,Florida State and County,0.06,0.07000,0.01000,0,0,2
FL,32007,Florida State and County,0.06,0.07000,0.01000,0,0,2
FL,32112,Florida State and County,0.06,0.07000,0.01000,0,0,2
FL,32131,Florida State and County,0.06,0.07000,0.01000,0,0,2
FL,32138,Florida State and County,0.06,0.07000,0.01000,0,0,2
FL,32139,Florida State and County,0.06,0.07000,0.01000,0,0,2
FL,32140,Florida State and County,0.06,0.07000,0.01000,0,0,2
FL,32147,Florida State and County,0.06,0.07000,0.01000,0,0,2
FL,32148,Florida State and County,0.06,0.07000,0.01000,0,0,2
FL,32149,Florida State and County,0.06,0.07000,0.01000,0,0,2
FL,32157,Florida State and County,0.06,0.07000,0.01000,0,0,2
FL,32177,Florida State and County,0.06,0.07000,0.01000,0,0,2
FL,32178,Florida State and County,0.06,0.07000,0.01000,0,0,2
FL,32181,Florida State and County,0.06,0.07000,0.01000,0,0,2
FL,32185,Florida State and County,0.06,0.07000,0.01000,0,0,2
FL,32187,Florida State and County,0.06,0.07000,0.01000,0,0,2
FL,32189,Florida State and County,0.06,0.07000,0.01000,0,0,2
FL,32193,Florida State and County,0.06,0.07000,0.01000,0,0,2
FL,32666,Florida State and County,0.06,0.07000,0.01000,0,0,2
FL,32004,Florida State and County,0.06,0.06500,0.00500,0,0,2
FL,32033,Florida State and County,0.06,0.06500,0.00500,0,0,2
FL,32080,Florida State and County,0.06,0.06500,0.00500,0,0,2
FL,32081,Florida State and County,0.06,0.06500,0.00500,0,0,2
FL,32082,Florida State and County,0.06,0.06500,0.00500,0,0,2
FL,32084,Florida State and County,0.06,0.06500,0.00500,0,0,2
FL,32085,Florida State and County,0.06,0.06500,0.00500,0,0,2
FL,32086,Florida State and County,0.06,0.06500,0.00500,0,0,2
FL,32092,Florida State and County,0.06,0.06500,0.00500,0,0,2
FL,32095,Florida State and County,0.06,0.06500,0.00500,0,0,2
FL,32145,Florida State and County,0.06,0.06500,0.00500,0,0,2
FL,32259,Florida State and County,0.06,0.06500,0.00500,0,0,2
FL,32260,Florida State and County,0.06,0.06500,0.00500,0,0,2
FL,34945,Florida State and County,0.06,0.06500,0.00500,0,0,2
FL,34946,Florida State and County,0.06,0.06500,0.00500,0,0,2
FL,34947,Florida State and County,0.06,0.06500,0.00500,0,0,2
FL,34948,Florida State and County,0.06,0.06500,0.00500,0,0,2
FL,34949,Florida State and County,0.06,0.06500,0.00500,0,0,2
FL,34950,Florida State and County,0.06,0.06500,0.00500,0,0,2
FL,34951,Florida State and County,0.06,0.06500,0.00500,0,0,2
FL,34952,Florida State and County,0.06,0.06500,0.00500,0,0,2
FL,34953,Florida State and County,0.06,0.06500,0.00500,0,0,2
FL,34954,Florida State and County,0.06,0.06500,0.00500,0,0,2
FL,34979,Florida State and County,0.06,0.06500,0.00500,0,0,2
FL,34981,Florida State and County,0.06,0.06500,0.00500,0,0,2
FL,34982,Florida State and County,0.06,0.06500,0.00500,0,0,2
FL,34983,Florida State and County,0.06,0.06500,0.00500,0,0,2
FL,34984,Florida State and County,0.06,0.06500,0.00500,0,0,2
FL,34985,Florida State and County,0.06,0.06500,0.00500,0,0,2
FL,34986,Florida State and County,0.06,0.06500,0.00500,0,0,2
FL,34987,Florida State and County,0.06,0.06500,0.00500,0,0,2
FL,34988,Florida State and County,0.06,0.06500,0.00500,0,0,2
FL,32530,Florida State and County,0.06,0.06500,0.00500,0,0,2
FL,32561,Florida State and County,0.06,0.06500,0.00500,0,0,2
FL,32562,Florida State and County,0.06,0.06500,0.00500,0,0,2
FL,32563,Florida State and County,0.06,0.06500,0.00500,0,0,2
FL,32565,Florida State and County,0.06,0.06500,0.00500,0,0,2
FL,32566,Florida State and County,0.06,0.06500,0.00500,0,0,2
FL,32570,Florida State and County,0.06,0.06500,0.00500,0,0,2
FL,32571,Florida State and County,0.06,0.06500,0.00500,0,0,2
FL,32572,Florida State and County,0.06,0.06500,0.00500,0,0,2
FL,32583,Florida State and County,0.06,0.06500,0.00500,0,0,2
FL,34223,Florida State and County,0.06,0.07000,0.01000,0,0,2
FL,34229,Florida State and County,0.06,0.07000,0.01000,0,0,2
FL,34230,Florida State and County,0.06,0.07000,0.01000,0,0,2
FL,34231,Florida State and County,0.06,0.07000,0.01000,0,0,2
FL,34232,Florida State and County,0.06,0.07000,0.01000,0,0,2
FL,34233,Florida State and County,0.06,0.07000,0.01000,0,0,2
FL,34234,Florida State and County,0.06,0.07000,0.01000,0,0,2
FL,34235,Florida State and County,0.06,0.07000,0.01000,0,0,2
FL,34236,Florida State and County,0.06,0.07000,0.01000,0,0,2
FL,34237,Florida State and County,0.06,0.07000,0.01000,0,0,2
FL,34238,Florida State and County,0.06,0.07000,0.01000,0,0,2
FL,34239,Florida State and County,0.06,0.07000,0.01000,0,0,2
FL,34240,Florida State and County,0.06,0.07000,0.01000,0,0,2
FL,34241,Florida State and County,0.06,0.07000,0.01000,0,0,2
FL,34242,Florida State and County,0.06,0.07000,0.01000,0,0,2
FL,34272,Florida State and County,0.06,0.07000,0.01000,0,0,2
FL,34274,Florida State and County,0.06,0.07000,0.01000,0,0,2
FL,34275,Florida State and County,0.06,0.07000,0.01000,0,0,2
FL,34276,Florida State and County,0.06,0.07000,0.01000,0,0,2
FL,34277,Florida State and County,0.06,0.07000,0.01000,0,0,2
FL,34278,Florida State and County,0.06,0.07000,0.01000,0,0,2
FL,34284,Florida State and County,0.06,0.07000,0.01000,0,0,2
FL,34285,Florida State and County,0.06,0.07000,0.01000,0,0,2
FL,34286,Florida State and County,0.06,0.07000,0.01000,0,0,2
FL,34287,Florida State and County,0.06,0.07000,0.01000,0,0,2
FL,34288,Florida State and County,0.06,0.07000,0.01000,0,0,2
FL,34289,Florida State and County,0.06,0.07000,0.01000,0,0,2
FL,34292,Florida State and County,0.06,0.07000,0.01000,0,0,2
FL,34293,Florida State and County,0.06,0.07000,0.01000,0,0,2
FL,34295,Florida State and County,0.06,0.07000,0.01000,0,0,2
FL,32701,Florida State and County,0.06,0.07000,0.01000,0,0,2
FL,32707,Florida State and County,0.06,0.07000,0.01000,0,0,2
FL,32708,Florida State and County,0.06,0.07000,0.01000,0,0,2
FL,32714,Florida State and County,0.06,0.07000,0.01000,0,0,2
FL,32715,Florida State and County,0.06,0.07000,0.01000,0,0,2
FL,32716,Florida State and County,0.06,0.07000,0.01000,0,0,2
FL,32718,Florida State and County,0.06,0.07000,0.01000,0,0,2
FL,32719,Florida State and County,0.06,0.07000,0.01000,0,0,2
FL,32730,Florida State and County,0.06,0.07000,0.01000,0,0,2
FL,32732,Florida State and County,0.06,0.07000,0.01000,0,0,2
FL,32733,Florida State and County,0.06,0.07000,0.01000,0,0,2
FL,32745,Florida State and County,0.06,0.07000,0.01000,0,0,2
FL,32746,Florida State and County,0.06,0.07000,0.01000,0,0,2
FL,32747,Florida State and County,0.06,0.07000,0.01000,0,0,2
FL,32750,Florida State and County,0.06,0.07000,0.01000,0,0,2
FL,32752,Florida State and County,0.06,0.07000,0.01000,0,0,2
FL,32762,Florida State and County,0.06,0.07000,0.01000,0,0,2
FL,32765,Florida State and County,0.06,0.07000,0.01000,0,0,2
FL,32766,Florida State and County,0.06,0.07000,0.01000,0,0,2
FL,32771,Florida State and County,0.06,0.07000,0.01000,0,0,2
FL,32772,Florida State and County,0.06,0.07000,0.01000,0,0,2
FL,32773,Florida State and County,0.06,0.07000,0.01000,0,0,2
FL,32779,Florida State and County,0.06,0.07000,0.01000,0,0,2
FL,32791,Florida State and County,0.06,0.07000,0.01000,0,0,2
FL,32795,Florida State and County,0.06,0.07000,0.01000,0,0,2
FL,32799,Florida State and County,0.06,0.07000,0.01000,0,0,2
FL,32162,Florida State and County,0.06,0.07000,0.01000,0,0,2
FL,33513,Florida State and County,0.06,0.07000,0.01000,0,0,2
FL,33514,Florida State and County,0.06,0.07000,0.01000,0,0,2
FL,33521,Florida State and County,0.06,0.07000,0.01000,0,0,2
FL,33538,Florida State and County,0.06,0.07000,0.01000,0,0,2
FL,33585,Florida State and County,0.06,0.07000,0.01000,0,0,2
FL,33597,Florida State and County,0.06,0.07000,0.01000,0,0,2
FL,34484,Florida State and County,0.06,0.07000,0.01000,0,0,2
FL,34785,Florida State and County,0.06,0.07000,0.01000,0,0,2
FL,32008,Florida State and County,0.06,0.07000,0.01000,0,0,2
FL,32060,Florida State and County,0.06,0.07000,0.01000,0,0,2
FL,32062,Florida State and County,0.06,0.07000,0.01000,0,0,2
FL,32064,Florida State and County,0.06,0.07000,0.01000,0,0,2
FL,32071,Florida State and County,0.06,0.07000,0.01000,0,0,2
FL,32094,Florida State and County,0.06,0.07000,0.01000,0,0,2
FL,32347,Florida State and County,0.06,0.07000,0.01000,0,0,2
FL,32348,Florida State and County,0.06,0.07000,0.01000,0,0,2
FL,32356,Florida State and County,0.06,0.07000,0.01000,0,0,2
FL,32357,Florida State and County,0.06,0.07000,0.01000,0,0,2
FL,32359,Florida State and County,0.06,0.07000,0.01000,0,0,2
FL,32026,Florida State and County,0.06,0.07000,0.01000,0,0,2
FL,32054,Florida State and County,0.06,0.07000,0.01000,0,0,2
FL,32083,Florida State and County,0.06,0.07000,0.01000,0,0,2
FL,32697,Florida State and County,0.06,0.07000,0.01000,0,0,2
FL,32105,Florida State and County,0.06,0.06500,0.00500,0,0,2
FL,32114,Florida State and County,0.06,0.06500,0.00500,0,0,2
FL,32115,Florida State and County,0.06,0.06500,0.00500,0,0,2
FL,32116,Florida State and County,0.06,0.06500,0.00500,0,0,2
FL,32117,Florida State and County,0.06,0.06500,0.00500,0,0,2
FL,32118,Florida State and County,0.06,0.06500,0.00500,0,0,2
FL,32119,Florida State and County,0.06,0.06500,0.00500,0,0,2
FL,32120,Florida State and County,0.06,0.06500,0.00500,0,0,2
FL,32121,Florida State and County,0.06,0.06500,0.00500,0,0,2
FL,32122,Florida State and County,0.06,0.06500,0.00500,0,0,2
FL,32123,Florida State and County,0.06,0.06500,0.00500,0,0,2
FL,32124,Florida State and County,0.06,0.06500,0.00500,0,0,2
FL,32125,Florida State and County,0.06,0.06500,0.00500,0,0,2
FL,32126,Florida State and County,0.06,0.06500,0.00500,0,0,2
FL,32127,Florida State and County,0.06,0.06500,0.00500,0,0,2
FL,32128,Florida State and County,0.06,0.06500,0.00500,0,0,2
FL,32129,Florida State and County,0.06,0.06500,0.00500,0,0,2
FL,32130,Florida State and County,0.06,0.06500,0.00500,0,0,2
FL,32132,Florida State and County,0.06,0.06500,0.00500,0,0,2
FL,32141,Florida State and County,0.06,0.06500,0.00500,0,0,2
FL,32168,Florida State and County,0.06,0.06500,0.00500,0,0,2
FL,32169,Florida State and County,0.06,0.06500,0.00500,0,0,2
FL,32170,Florida State and County,0.06,0.06500,0.00500,0,0,2
FL,32173,Florida State and County,0.06,0.06500,0.00500,0,0,2
FL,32174,Florida State and County,0.06,0.06500,0.00500,0,0,2
FL,32175,Florida State and County,0.06,0.06500,0.00500,0,0,2
FL,32176,Florida State and County,0.06,0.06500,0.00500,0,0,2
FL,32180,Florida State and County,0.06,0.06500,0.00500,0,0,2
FL,32190,Florida State and County,0.06,0.06500,0.00500,0,0,2
FL,32198,Florida State and County,0.06,0.06500,0.00500,0,0,2
FL,32706,Florida State and County,0.06,0.06500,0.00500,0,0,2
FL,32713,Florida State and County,0.06,0.06500,0.00500,0,0,2
FL,32720,Florida State and County,0.06,0.06500,0.00500,0,0,2
FL,32721,Florida State and County,0.06,0.06500,0.00500,0,0,2
FL,32722,Florida State and County,0.06,0.06500,0.00500,0,0,2
FL,32723,Florida State and County,0.06,0.06500,0.00500,0,0,2
FL,32724,Florida State and County,0.06,0.06500,0.00500,0,0,2
FL,32725,Florida State and County,0.06,0.06500,0.00500,0,0,2
FL,32728,Florida State and County,0.06,0.06500,0.00500,0,0,2
FL,32738,Florida State and County,0.06,0.06500,0.00500,0,0,2
FL,32739,Florida State and County,0.06,0.06500,0.00500,0,0,2
FL,32744,Florida State and County,0.06,0.06500,0.00500,0,0,2
FL,32753,Florida State and County,0.06,0.06500,0.00500,0,0,2
FL,32759,Florida State and County,0.06,0.06500,0.00500,0,0,2
FL,32763,Florida State and County,0.06,0.06500,0.00500,0,0,2
FL,32764,Florida State and County,0.06,0.06500,0.00500,0,0,2
FL,32774,Florida State and County,0.06,0.06500,0.00500,0,0,2
FL,32326,Florida State and County,0.06,0.07000,0.01000,0,0,2
FL,32327,Florida State and County,0.06,0.07000,0.01000,0,0,2
FL,32346,Florida State and County,0.06,0.07000,0.01000,0,0,2
FL,32355,Florida State and County,0.06,0.07000,0.01000,0,0,2
FL,32358,Florida State and County,0.06,0.07000,0.01000,0,0,2
FL,32422,Florida State and County,0.06,0.07000,0.01000,0,0,2
FL,32433,Florida State and County,0.06,0.07000,0.01000,0,0,2
FL,32434,Florida State and County,0.06,0.07000,0.01000,0,0,2
FL,32435,Florida State and County,0.06,0.07000,0.01000,0,0,2
FL,32439,Florida State and County,0.06,0.07000,0.01000,0,0,2
FL,32454,Florida State and County,0.06,0.07000,0.01000,0,0,2
FL,32455,Florida State and County,0.06,0.07000,0.01000,0,0,2
FL,32459,Florida State and County,0.06,0.07000,0.01000,0,0,2
FL,32461,Florida State and County,0.06,0.07000,0.01000,0,0,2
FL,32538,Florida State and County,0.06,0.07000,0.01000,0,0,2
FL,32550,Florida State and County,0.06,0.07000,0.01000,0,0,2
FL,32427,Florida State and County,0.06,0.07000,0.01000,0,0,2
FL,32428,Florida State and County,0.06,0.07000,0.01000,0,0,2
FL,32437,Florida State and County,0.06,0.07000,0.01000,0,0,2
FL,32462,Florida State and County,0.06,0.07000,0.01000,0,0,2
FL,32463,Florida State and County,0.06,0.07000,0.01000,0,0,2
